uid,iP,jP,hP,iT,jT,hT
0,0,4,E,0,6,S
1,0,4,E,0,4,E
2,0,4,E,1,5,E
3,0,6,N,1,5,E
4,0,6,N,0,6,S
5,0,6,N,0,4,E
6,0,4,E,0,2,N
7,0,6,N,0,2,N
8,0,4,E,1,4,S
9,0,4,E,0,2,O
10,0,4,E,0,0,E
11,0,6,N,0,0,E
12,0,6,N,1,4,S
13,0,6,N,0,2,O
14,0,4,E,1,1,N
15,0,4,E,0,0,N
16,0,4,E,1,2,E
17,0,6,N,1,2,E
18,0,6,N,1,1,N
19,0,6,N,0,0,N
20,0,4,E,0,1,S
21,0,4,E,0,3,O
22,0,4,E,1,5,O
23,0,6,N,0,1,S
24,0,6,N,0,3,O
25,0,6,N,1,5,O
26,0,4,E,2,3,N
27,0,4,E,0,4,S
28,0,4,E,0,3,S
29,0,4,E,0,6,N
30,0,4,E,1,4,N
31,0,4,E,1,1,E
32,0,4,E,0,1,N
33,0,6,N,0,1,N
34,0,6,N,1,1,E
35,0,6,N,2,3,N
36,0,6,N,0,3,S
37,0,6,N,0,4,S
38,0,6,N,0,6,N
39,0,6,N,1,4,N
40,0,4,E,0,3,N
41,0,4,E,0,5,E
42,0,4,E,0,4,O
43,0,6,N,0,3,N
44,0,6,N,0,5,E
45,0,6,N,0,4,O
46,0,4,E,0,4,N
47,0,4,E,0,2,E
48,0,4,E,0,3,E
49,0,6,N,0,3,E
50,0,6,N,0,4,N
51,0,6,N,0,2,E
52,0,1,E,0,6,S
53,0,1,E,0,4,E
54,0,1,E,1,5,E
55,0,0,N,1,5,E
56,0,0,N,0,6,S
57,0,0,N,0,4,E
58,0,7,E,0,4,E
59,0,7,E,1,5,E
60,0,7,E,0,6,S
61,0,3,N,1,5,E
62,0,3,N,0,6,S
63,0,3,N,0,4,E
64,0,1,E,0,2,N
65,0,0,N,0,2,N
66,0,7,E,0,2,N
67,0,3,N,0,2,N
68,0,1,E,1,4,S
69,0,1,E,0,2,O
70,0,1,E,0,0,E
71,0,0,N,0,0,E
72,0,0,N,1,4,S
73,0,0,N,0,2,O
74,0,7,E,0,2,O
75,0,7,E,0,0,E
76,0,7,E,1,4,S
77,0,3,N,0,0,E
78,0,3,N,1,4,S
79,0,3,N,0,2,O
80,0,1,E,1,1,N
81,0,1,E,0,0,N
82,0,1,E,1,2,E
83,0,0,N,0,0,N
84,0,0,N,1,2,E
85,0,0,N,1,1,N
86,0,1,E,0,1,S
87,0,1,E,0,3,O
88,0,1,E,1,5,O
89,0,0,N,0,1,S
90,0,0,N,0,3,O
91,0,0,N,1,5,O
92,0,7,E,0,0,N
93,0,7,E,1,2,E
94,0,7,E,1,1,N
95,0,3,N,1,2,E
96,0,3,N,1,1,N
97,0,3,N,0,0,N
98,0,7,E,0,3,O
99,0,7,E,1,5,O
100,0,7,E,0,1,S
101,0,3,N,0,1,S
102,0,3,N,0,3,O
103,0,3,N,1,5,O
104,0,1,E,2,3,N
105,0,1,E,0,4,S
106,0,1,E,0,3,S
107,0,1,E,0,6,N
108,0,1,E,1,4,N
109,0,1,E,1,1,E
110,0,1,E,0,1,N
111,0,0,N,1,4,N
112,0,0,N,0,1,N
113,0,0,N,1,1,E
114,0,0,N,2,3,N
115,0,0,N,0,4,S
116,0,0,N,0,3,S
117,0,0,N,0,6,N
118,0,7,E,0,4,S
119,0,7,E,0,3,S
120,0,7,E,0,6,N
121,0,7,E,1,4,N
122,0,7,E,1,1,E
123,0,7,E,0,1,N
124,0,7,E,2,3,N
125,0,3,N,0,1,N
126,0,3,N,1,1,E
127,0,3,N,2,3,N
128,0,3,N,0,4,S
129,0,3,N,0,3,S
130,0,3,N,0,6,N
131,0,3,N,1,4,N
132,0,1,E,0,3,N
133,0,1,E,0,5,E
134,0,1,E,0,4,O
135,0,0,N,0,3,N
136,0,0,N,0,5,E
137,0,0,N,0,4,O
138,0,1,E,0,4,N
139,0,1,E,0,2,E
140,0,1,E,0,3,E
141,0,0,N,0,2,E
142,0,0,N,0,3,E
143,0,0,N,0,4,N
144,0,7,E,0,5,E
145,0,7,E,0,4,O
146,0,7,E,0,3,N
147,0,3,N,0,3,N
148,0,3,N,0,5,E
149,0,3,N,0,4,O
150,0,7,E,0,2,E
151,0,7,E,0,3,E
152,0,7,E,0,4,N
153,0,3,N,0,3,E
154,0,3,N,0,4,N
155,0,3,N,0,2,E
156,0,7,N,0,2,E
157,0,7,N,0,3,E
158,0,7,N,0,4,N
159,0,7,N,0,4,O
160,0,7,N,0,3,N
161,0,7,N,0,5,E
162,0,5,E,0,3,E
163,0,5,E,0,4,N
164,0,5,E,0,2,E
165,0,5,E,0,3,N
166,0,5,E,0,5,E
167,0,5,E,0,4,O
168,0,7,N,1,5,E
169,0,7,N,0,6,S
170,0,7,N,0,4,E
171,0,5,E,1,5,E
172,0,5,E,0,6,S
173,0,5,E,0,4,E
174,0,7,N,0,2,N
175,0,5,E,0,2,N
176,0,7,N,0,0,E
177,0,7,N,1,4,S
178,0,7,N,0,2,O
179,0,5,E,0,0,E
180,0,5,E,1,4,S
181,0,5,E,0,2,O
182,0,7,N,0,0,N
183,0,7,N,1,2,E
184,0,7,N,1,1,N
185,0,7,N,1,5,O
186,0,7,N,0,1,S
187,0,7,N,0,3,O
188,0,5,E,1,2,E
189,0,5,E,1,1,N
190,0,5,E,0,0,N
191,0,5,E,0,1,S
192,0,5,E,0,3,O
193,0,5,E,1,5,O
194,0,7,N,0,6,N
195,0,7,N,1,4,N
196,0,7,N,1,1,E
197,0,7,N,0,1,N
198,0,7,N,2,3,N
199,0,7,N,0,3,S
200,0,7,N,0,4,S
201,0,5,E,0,1,N
202,0,5,E,1,1,E
203,0,5,E,2,3,N
204,0,5,E,0,3,S
205,0,5,E,0,4,S
206,0,5,E,0,6,N
207,0,5,E,1,4,N
208,0,2,E,1,4,N
209,0,2,E,0,1,N
210,0,2,E,1,1,E
211,0,2,E,2,3,N
212,0,2,E,0,4,S
213,0,2,E,0,3,S
214,0,2,E,0,6,N
215,0,4,N,0,6,N
216,0,4,N,1,4,N
217,0,4,N,1,1,E
218,0,4,N,0,1,N
219,0,4,N,2,3,N
220,0,4,N,0,3,S
221,0,4,N,0,4,S
222,0,2,E,0,2,E
223,0,2,E,0,3,E
224,0,2,E,0,4,N
225,0,2,E,0,3,N
226,0,2,E,0,5,E
227,0,2,E,0,4,O
228,0,4,N,0,2,E
229,0,4,N,0,3,E
230,0,4,N,0,4,N
231,0,4,N,0,4,O
232,0,4,N,0,3,N
233,0,4,N,0,5,E
234,0,2,E,1,5,E
235,0,2,E,0,6,S
236,0,2,E,0,4,E
237,0,4,N,1,5,E
238,0,4,N,0,6,S
239,0,4,N,0,4,E
240,0,2,E,0,2,N
241,0,4,N,0,2,N
242,0,2,E,0,0,E
243,0,2,E,1,4,S
244,0,2,E,0,2,O
245,0,4,N,0,0,E
246,0,4,N,1,4,S
247,0,4,N,0,2,O
248,0,2,E,0,0,N
249,0,2,E,1,2,E
250,0,2,E,1,1,N
251,0,2,E,0,1,S
252,0,2,E,0,3,O
253,0,2,E,1,5,O
254,0,4,N,0,0,N
255,0,4,N,1,2,E
256,0,4,N,1,1,N
257,0,4,N,1,5,O
258,0,4,N,0,1,S
259,0,4,N,0,3,O
260,0,1,N,0,6,N
261,0,1,N,1,4,N
262,0,1,N,1,1,E
263,0,1,N,0,1,N
264,0,1,N,2,3,N
265,0,1,N,0,3,S
266,0,1,N,0,4,S
267,0,8,E,0,1,N
268,0,8,E,1,1,E
269,0,8,E,2,3,N
270,0,8,E,0,4,S
271,0,8,E,0,3,S
272,0,8,E,0,6,N
273,0,8,E,1,4,N
274,0,1,N,0,2,E
275,0,1,N,0,3,E
276,0,1,N,0,4,N
277,0,1,N,0,4,O
278,0,1,N,0,3,N
279,0,1,N,0,5,E
280,0,8,E,0,3,E
281,0,8,E,0,4,N
282,0,8,E,0,2,E
283,0,8,E,0,3,N
284,0,8,E,0,5,E
285,0,8,E,0,4,O
286,0,1,N,1,5,E
287,0,1,N,0,6,S
288,0,1,N,0,4,E
289,0,8,E,1,5,E
290,0,8,E,0,6,S
291,0,8,E,0,4,E
292,0,1,N,0,2,N
293,0,8,E,0,2,N
294,0,1,N,0,0,E
295,0,1,N,1,4,S
296,0,1,N,0,2,O
297,0,8,E,0,0,E
298,0,8,E,1,4,S
299,0,8,E,0,2,O
300,0,1,N,0,0,N
301,0,1,N,1,2,E
302,0,1,N,1,1,N
303,0,1,N,1,5,O
304,0,1,N,0,1,S
305,0,1,N,0,3,O
306,0,8,E,1,2,E
307,0,8,E,1,1,N
308,0,8,E,0,0,N
309,0,8,E,0,1,S
310,0,8,E,0,3,O
311,0,8,E,1,5,O
312,0,3,E,1,5,O
313,0,3,E,0,1,S
314,0,3,E,0,3,O
315,0,8,N,0,1,S
316,0,8,N,0,3,O
317,0,8,N,1,5,O
318,0,3,E,0,0,N
319,0,3,E,1,2,E
320,0,3,E,1,1,N
321,0,8,N,1,1,N
322,0,8,N,0,0,N
323,0,8,N,1,2,E
324,0,6,E,1,5,O
325,0,6,E,0,1,S
326,0,6,E,0,3,O
327,0,5,N,0,3,O
328,0,5,N,1,5,O
329,0,5,N,0,1,S
330,0,6,E,0,0,N
331,0,6,E,1,2,E
332,0,6,E,1,1,N
333,0,5,N,0,0,N
334,0,5,N,1,2,E
335,0,5,N,1,1,N
336,0,3,E,0,6,N
337,0,3,E,1,4,N
338,0,3,E,1,1,E
339,0,3,E,0,1,N
340,0,3,E,2,3,N
341,0,3,E,0,3,S
342,0,3,E,0,4,S
343,0,8,N,2,3,N
344,0,8,N,0,4,S
345,0,8,N,0,3,S
346,0,8,N,0,6,N
347,0,8,N,1,4,N
348,0,8,N,1,1,E
349,0,8,N,0,1,N
350,0,6,E,0,6,N
351,0,6,E,1,4,N
352,0,6,E,1,1,E
353,0,6,E,0,1,N
354,0,6,E,2,3,N
355,0,6,E,0,3,S
356,0,6,E,0,4,S
357,0,5,N,0,4,S
358,0,5,N,0,3,S
359,0,5,N,0,6,N
360,0,5,N,1,4,N
361,0,5,N,1,1,E
362,0,5,N,0,1,N
363,0,5,N,2,3,N
364,0,3,E,0,2,E
365,0,3,E,0,3,E
366,0,3,E,0,4,N
367,0,8,N,0,4,N
368,0,8,N,0,2,E
369,0,8,N,0,3,E
370,0,3,E,0,4,O
371,0,3,E,0,3,N
372,0,3,E,0,5,E
373,0,8,N,0,3,N
374,0,8,N,0,5,E
375,0,8,N,0,4,O
376,0,6,E,0,4,O
377,0,6,E,0,3,N
378,0,6,E,0,5,E
379,0,5,N,0,5,E
380,0,5,N,0,4,O
381,0,5,N,0,3,N
382,0,6,E,0,2,E
383,0,6,E,0,3,E
384,0,6,E,0,4,N
385,0,5,N,0,2,E
386,0,5,N,0,3,E
387,0,5,N,0,4,N
388,0,3,E,1,5,E
389,0,3,E,0,6,S
390,0,3,E,0,4,E
391,0,8,N,0,6,S
392,0,8,N,0,4,E
393,0,8,N,1,5,E
394,0,6,E,1,5,E
395,0,6,E,0,6,S
396,0,6,E,0,4,E
397,0,5,N,0,4,E
398,0,5,N,1,5,E
399,0,5,N,0,6,S
400,0,3,E,0,2,N
401,0,8,N,0,2,N
402,0,6,E,0,2,N
403,0,5,N,0,2,N
404,0,3,E,0,0,E
405,0,3,E,1,4,S
406,0,3,E,0,2,O
407,0,8,N,1,4,S
408,0,8,N,0,2,O
409,0,8,N,0,0,E
410,0,6,E,0,0,E
411,0,6,E,1,4,S
412,0,6,E,0,2,O
413,0,5,N,0,2,O
414,0,5,N,0,0,E
415,0,5,N,1,4,S
416,0,0,E,0,0,E
417,0,0,E,1,4,S
418,0,0,E,0,2,O
419,0,2,N,1,4,S
420,0,2,N,0,2,O
421,0,2,N,0,0,E
422,0,0,E,1,5,O
423,0,0,E,0,1,S
424,0,0,E,0,3,O
425,0,2,N,0,1,S
426,0,2,N,0,3,O
427,0,2,N,1,5,O
428,0,0,E,0,0,N
429,0,0,E,1,2,E
430,0,0,E,1,1,N
431,0,2,N,1,1,N
432,0,2,N,0,0,N
433,0,2,N,1,2,E
434,0,0,E,0,6,N
435,0,0,E,1,4,N
436,0,0,E,1,1,E
437,0,0,E,0,1,N
438,0,0,E,2,3,N
439,0,0,E,0,3,S
440,0,0,E,0,4,S
441,0,2,N,2,3,N
442,0,2,N,0,4,S
443,0,2,N,0,3,S
444,0,2,N,0,6,N
445,0,2,N,1,4,N
446,0,2,N,1,1,E
447,0,2,N,0,1,N
448,0,0,E,0,2,E
449,0,0,E,0,3,E
450,0,0,E,0,4,N
451,0,2,N,0,4,N
452,0,2,N,0,2,E
453,0,2,N,0,3,E
454,0,0,E,0,4,O
455,0,0,E,0,3,N
456,0,0,E,0,5,E
457,0,2,N,0,3,N
458,0,2,N,0,5,E
459,0,2,N,0,4,O
460,0,0,E,1,5,E
461,0,0,E,0,6,S
462,0,0,E,0,4,E
463,0,2,N,0,6,S
464,0,2,N,0,4,E
465,0,2,N,1,5,E
466,0,0,E,0,2,N
467,0,2,N,0,2,N
