t,K,q,a,c,colw,dual,r,rows
5,5,012120,111101,111111,223232,000,102,222220|021222|102011
6,6,200121,121112,111101,323213,101,012,111201|201202|221021
7,7,001222,201110,211110,322332,220,001,212121|222210|200221
8,8,222110,002220,100111,321332,202,011,200121|212212|110110
9,9,100001,110120,010111,120322,000,200,100100|020112|010122
10,10,022112,101111,101111,323223,011,200,101222|112221|112002
11,11,202201,002222,010011,221123,012,001,022212|110001|100021
12,12,211021,211111,001111,112232,000,010,012012|202222|000120
13,13,101101,012220,111111,333322,122,010,111210|112102|211122
14,14,122221,021121,101000,313121,122,010,121011|102010|202200
15,15,121020,020100,101110,212230,202,000,200220|022020|202110
16,16,200212,121212,121000,332111,111,022,120210|222002|221000
17,17,112210,212012,000001,111212,212,211,000101|012010|100102
18,18,101211,212000,011011,123232,220,222,022010|001112|111122
19,19,002000,022010,020111,031232,200,200,020111|022212|020010
20,20,212222,011010,010001,221213,022,221,120002|020102|102121
