t,K,candidate_sizes_pi_e_phi_interval,local_solutions_full_signature_interval,actual_in_interval_solutions,survivors_to_next,dictamen,actual_solution
5,5,"39,151,151",1,True,0,unique local,222220|021222|102011
6,6,"110,110,69",1,True,0,unique local,111201|201202|221021
7,7,"81,29,81",3,True,1,survival selects,212121|222210|200221
8,8,"59,59,59",3,True,1,survival selects,200121|212212|110110
9,9,"43,43,43",2,True,1,survival selects,100100|020112|010122
10,10,"32,32,32",1,True,0,unique local,101222|112221|112002
11,11,"23,24,23",1,True,0,unique local,022212|110001|100021
12,12,"17,17,17",1,True,0,unique local,012012|202222|000120
13,13,"13,13,13",1,True,0,unique local,111210|112102|211122
14,14,"9,10,9",1,True,0,unique local,121011|102010|202200
15,15,"7,7,8",1,True,0,unique local,200220|022020|202110
16,16,"6,6,6",1,True,0,unique local,120210|222002|221000
17,17,"4,4,4",1,True,0,unique local,000101|012010|100102
18,18,"4,4,4",1,True,0,unique local,022010|001112|111122
19,19,"3,3,3",1,True,0,unique local,020111|022212|020010
20,20,"2,2,2",1,True,0,unique local,120002|020102|102121
