t,actual_in_interval,actual_in_lower_endpoint,local_interval_solutions,local_lower_endpoint_solutions,candidate_sizes_interval,candidate_sizes_lower,actual_solution
5,True,True,1,1,"39,151,151","38,150,150",222220|021222|102011
6,True,True,1,1,"110,110,69","109,109,68",111201|201202|221021
7,True,True,3,3,"81,29,81","80,28,80",212121|222210|200221
8,True,True,3,3,"59,59,59","58,58,58",200121|212212|110110
9,True,True,2,2,"43,43,43","42,42,42",100100|020112|010122
10,True,True,1,1,"32,32,32","31,31,31",101222|112221|112002
11,True,True,1,1,"23,24,23","22,23,22",022212|110001|100021
12,True,True,1,1,"17,17,17","16,16,16",012012|202222|000120
13,True,True,1,1,"13,13,13","12,12,12",111210|112102|211122
14,True,True,1,1,"9,10,9","8,9,8",121011|102010|202200
15,True,True,1,1,"7,7,8","6,6,7",200220|022020|202110
16,True,True,1,1,"6,6,6","5,5,5",120210|222002|221000
17,True,True,1,1,"4,4,4","3,3,3",000101|012010|100102
18,True,True,1,1,"4,4,4","3,3,3",022010|001112|111122
19,True,True,1,1,"3,3,3","2,2,2",020111|022212|020010
20,True,False,1,0,"2,2,2","1,1,1",120002|020102|102121
