t,t_plus_9,phase_K_mod9,type_t,type_t_plus_9,num_selected_t,num_selected_t_plus_9,phi_t,phi_t_plus_9,pi_plus_e_t,pi_plus_e_t_plus_9,same_phi,same_pi_plus_e,resolution_depth_t,resolution_depth_t_plus_9
5,14,5,orientation_gate,orientation_gate,2,3,221021,202110,12100,222210,False,False,2,2
6,15,6,orientation_gate,orientation_gate,6,5,200221,221000,101001,12212,False,False,3,2
7,16,7,orientation_gate,orientation_gate,11,11,110110,100102,112000,12111,False,False,3,2
8,17,8,orientation_gate,orientation_gate,3,6,10122,111122,120212,20122,False,False,3,2
11,20,2,orientation_gate,orientation_gate,3,5,120,211021,211201,211122,False,False,2,3
12,21,3,orientation_gate,orientation_gate,5,2,211122,101021,220012,202011,False,False,2,3
14,23,5,orientation_gate,orientation_gate,3,3,202110,210002,222210,222220,False,False,2,3
15,24,6,orientation_gate,orientation_gate,5,3,221000,12220,12212,222121,False,False,2,2
16,25,7,orientation_gate,orientation_gate,11,6,100102,121011,12111,112212,False,False,2,3
