t,rows,is_actual_rows,delta_options_pi,delta_options_e,delta_options_phi,delta_product_size
5,101202|211201|221021,False,237,236,848,1
5,111201|201202|221021,True,238,235,848,1
6,212121|222210|200221,True,462,360,204,1
6,212211|222120|200221,False,462,360,204,1
6,212220|222111|200221,False,462,360,204,1
6,222111|212220|200221,False,463,359,204,1
6,222120|212211|200221,False,463,359,204,1
6,222210|212121|200221,False,463,359,204,1
7,200112|212221|110110,False,643,287,586,1
7,200121|212212|110110,True,643,287,586,1
7,200211|212122|110110,False,643,287,586,1
7,202122|210211|110110,False,644,286,586,1
7,202212|210121|110110,False,644,286,586,1
7,202221|210112|110110,False,644,286,586,1
7,210111|202222|110110,False,644,286,586,1
7,210222|202111|110110,False,644,285,586,1
7,212112|200221|110110,False,645,285,586,1
7,212121|200212|110110,False,645,285,586,1
7,212211|200122|110110,False,645,285,586,1
8,100100|020112|010122,True,383,471,834,1
8,100112|020100|010122,False,383,471,834,1
8,120110|000102|010122,False,387,467,834,1
9,101222|112221|112002,True,279,352,365,1
9,102221|111222|112002,False,280,351,365,1
9,111221|102222|112002,False,282,350,365,1
10,010002|122211|100021,False,495,669,638,1
10,010011|122202|100021,False,496,669,638,1
10,010212|122001|100021,False,496,668,638,1
10,012012|120201|100021,False,498,666,638,1
10,012201|120012|100021,False,499,666,638,1
10,020001|112212|100021,False,499,665,638,1
10,020202|112011|100021,False,500,"664,665",638,2
10,020211|112002|100021,False,500,664,638,1
10,022002|110211|100021,False,501,663,638,1
10,022011|110202|100021,False,502,663,638,1
10,022212|110001|100021,True,502,662,638,1
11,002022|212212|000120,False,879,502,117,1
11,012012|202222|000120,True,884,497,117,1
11,012222|202012|000120,False,885,496,117,1
12,111102|112210|211122,False,196,758,720,1
12,111210|112102|211122,True,197,757,720,1
12,112110|111202|211122,False,198,755,720,1
12,112200|111112|211122,False,199,755,720,1
12,112212|111100|211122,False,199,754,720,1
13,101010|122011|202200,False,150,265,309,1
13,121011|102010|202200,True,169,247,309,1
13,122010|101011|202200,False,172,244,309,1
14,200220|022020|202110,True,399,93,179,1
14,202020|020220|202110,False,"404,405","87,88",179,4
14,220020|002220|202110,False,"421,422","70,71",179,4
15,120000|222212|221000,False,370,704,805,1
15,120012|222200|221000,False,371,703,805,1
15,120210|222002|221000,True,375,"699,700",805,2
15,122010|220202|221000,False,"382,383",692,805,2
15,122202|220010|221000,False,386,688,805,1
16,000011|012100|100102,False,"103,104",961,"762,763",4
16,000101|012010|100102,True,"105,106",959,"762,763",4
16,000110|012001|100102,False,106,"958,959","762,763",4
16,002000|010111|100102,False,"118,119",946,"762,763",4
16,002111|010000|100102,False,122,942,"762,763",2
16,010001|002110|100102,False,127,938,"762,763",2
16,010010|002101|100102,False,127,937,"762,763",2
16,010100|002011|100102,False,129,"935,936","762,763",4
16,012011|000100|100102,False,"143,144",921,"762,763",4
16,012101|000010|100102,False,145,919,"762,763",2
16,012110|000001|100102,False,146,919,"762,763",2
17,001010|022112|111122,False,744,651,862,1
17,001112|022010|111122,False,"748,749",647,862,2
17,002012|021110|111122,False,"755,756","639,640",862,4
17,021110|002012|111122,False,813,582,862,1
17,022010|001112|111122,True,"820,821","574,575",862,4
17,022112|001010|111122,False,825,570,862,1
18,020111|022212|020010,True,"974,975","966,967",135,4
19,120002|020102|102121,True,"943,944","967,968","447,448",8
20,220002|021120|211021,False,0,0,0,1
20,220020|021102|211021,False,0,0,0,1
20,220122|021000|211021,False,0,0,0,1
20,221022|020100|211021,True,0,0,0,1
20,221100|020022|211021,False,0,0,0,1
21,201100|001211|101021,True,592,627,622,1
21,201211|001100|101021,False,592,627,622,1
22,101110|101012|112120,True,307,724,705,1
23,101121|121102|210002,False,815,77,260,1
23,121101|101122|210002,True,816,76,260,1
23,121122|101101|210002,False,816,76,260,1
24,201010|021111|012220,True,406,630,462,1
24,221011|001110|012220,False,406,629,462,1
24,221110|001011|012220,False,406,629,462,1
25,001000|111212|121011,True,286,353,818,1
25,001012|111200|121011,False,286,353,818,1
25,001210|111002|121011,False,286,353,818,1
25,011002|101210|121011,False,286,353,818,1
25,011200|101012|121011,False,286,353,818,1
25,011212|101000|121011,False,286,353,818,1
