t,K_t,dK,selected_count_h0,resolution_depth,survivors_h1,survivors_h2,survivors_h3,survivors_h4,survivors_h5,survivors_h6,survivors_h7,survivors_h8,survivors_h9,actual_idx,actual_chain_count_h1,actual_chain_count_h2,actual_chain_count_h3,actual_chain_count_h4,actual_chain_count_h5,actual_chain_count_h6,actual_chain_count_h7,actual_chain_count_h8,actual_chain_count_h9,actual_rows
5,5,1,2,2,2,1,1,1,1,1,1,1,1,1,1,6,33,9,6,11,3,5,3,111201|201202|221021
6,6,1,6,3,6,3,1,1,1,1,1,1,1,0,1,11,9,6,11,3,5,3,3,212121|222210|200221
7,7,1,11,3,11,3,1,1,1,1,1,1,1,1,1,3,6,11,3,5,3,3,5,200121|212212|110110
8,8,1,3,3,3,2,1,1,1,1,1,1,1,0,1,3,11,3,5,3,3,5,11,100100|020112|010122
9,9,1,3,2,3,1,1,1,1,1,1,1,1,0,1,11,3,5,3,3,5,11,6,101222|112221|112002
10,10,1,11,2,11,1,1,1,1,1,1,1,1,10,1,3,5,3,3,5,11,6,1,022212|110001|100021
11,11,1,3,2,3,1,1,1,1,1,1,1,1,1,1,5,3,3,5,11,6,1,1,012012|202222|000120
12,12,1,5,2,5,1,1,1,1,1,1,1,1,1,1,3,3,5,11,6,1,1,5,111210|112102|211122
13,13,1,3,2,3,1,1,1,1,1,1,1,1,1,1,3,5,11,6,1,1,5,10,121011|102010|202200
14,14,1,3,2,3,1,1,1,1,1,1,1,1,0,1,5,11,6,1,1,5,10,2,200220|022020|202110
15,15,1,5,2,5,1,1,1,1,1,1,1,1,2,1,11,6,1,1,5,10,2,3,120210|222002|221000
16,16,1,11,2,11,1,1,1,1,1,1,1,1,1,1,6,1,1,5,10,2,3,6,000101|012010|100102
17,17,1,6,2,6,1,1,1,1,1,1,1,1,4,1,1,1,5,10,2,3,6,6,022010|001112|111122
18,18,1,1,0,1,1,1,1,1,1,1,1,1,0,1,1,5,10,2,3,6,6,6,020111|022212|020010
19,19,1,1,0,1,1,1,1,1,1,1,1,1,0,1,5,10,2,3,6,6,6,5,120002|020102|102121
20,20,0,5,3,5,5,1,1,1,1,1,1,1,3,1,2,2,3,6,6,6,5,20,221022|020100|211021
21,20,1,2,3,2,2,1,1,1,1,1,1,1,0,1,1,3,6,6,6,5,20,2,201100|001211|101021
22,21,1,1,0,1,1,1,1,1,1,1,1,1,0,1,3,6,6,6,5,20,2,12,101110|101012|112120
23,22,1,3,3,3,2,1,1,1,1,1,1,1,1,1,3,6,6,5,20,2,12,4,121101|101122|210002
24,23,1,3,2,3,1,1,1,1,1,1,1,1,0,1,6,6,5,20,2,12,4,6,201010|021111|012220
25,24,1,6,3,6,6,1,1,1,1,1,1,1,0,1,1,5,20,2,12,4,6,5,001000|111212|121011
