_catalog_source,_catalog_ordinal,_catalog_role,_catalog_key_occurrence,structural_multisection,rank_B1,cells,physical_families,generation_depths,colors,route_family_count,K_D_spectrum,K_Omega_spectrum,kappa_D_spectrum,kappa_Omega_spectrum,signature_spectrum,character_tower_spectrum,operator_status,physical_scalarization_status
multisecciones,1,INTERNAL_MULTISECTIONS,1,charged_lepton_G0,1,41,charged_lepton,G0_center,none,1,"(80,54,6)x1","(80,54,6)x1","(80,54,6)=>79.60661013979482758647091x1","(80,54,6)=>79.60661013979482758647091x1",24|0|12|0|-12|+++---+++---|2,4.6166451093653423689242977791211414331938808964200585089226203339061276347779220,EXACT_DIAGONAL_OPERATOR_ON_B1_FIBER,REQUIRES_DECLARED_PUSH_FORWARD_UNLESS_RANK_ONE_SELECTED
multisecciones,2,INTERNAL_MULTISECTIONS,1,charged_lepton_G2,8,"21,23,25,39,43,57,59,61",charged_lepton,G2,none,8,"(0,24,0)x1; (40,78,27)x2; (80,54,7)x1; (80,66,2)x1; (80,66,3)x1; (100,66,0)x1; (100,66,2)x1","(80,54,6)x8","(0,24,0)=>-0.1751364616628112239348425x1; (40,78,27)=>39.43380880300855130367114x2; (80,54,7)=>79.60672133621751972652496x1; (80,66,2)=>79.51859712327265341428729x1; (80,66,3)=>79.51870831969534555434134x1; (100,66,0)=>99.51837473042726913417918x1; (100,66,2)=>99.51859712327265341428729x1","(80,54,6)=>79.60661013979482758647091x8",24|0|12|0|-12|+++---+++---|0 | 24|0|4|0|-12|+++---+++---|1 | 28|-6|6|0|-12|+++---+++---|1 | 28|-6|6|0|-8|+0+---+0+---|0 | 28|6|-2|0|-12|+++---+++---|3 | 28|6|2|0|-12|+++---+++---|1 | 34|0|-12|0|-12|+++---+++---|0 | 34|0|-4|0|-12|+++---+++---|1,1.9955387455957509721626726493674694545740796178835690748163947366245178917595900 | 1.9964265300974514394438334516578470528418040258218041533657681260450340226834228 | 20.456225918495720768249202601674296763260512390624189258991675742166640275928905 | 20.478985161321754737722740624894573870940950450239584002241384155727468649237538 | 20.497210785739251546096110922840140143860912816666078550711189472236406914184592 | 22.049927333620041670628268468423633437089962360355661732535699486376054424250445 | 4.6125401001174154894541662891569719968072399014321567792068948205745386936810738 | 4.6146845828263138129308812088478015553592731114094108010876228620523085295968490,EXACT_DIAGONAL_OPERATOR_ON_B1_FIBER,REQUIRES_DECLARED_PUSH_FORWARD_UNLESS_RANK_ONE_SELECTED
multisecciones,3,INTERNAL_MULTISECTIONS,1,charged_lepton_G4,16,"1,3,5,7,9,19,27,37,45,55,63,73,75,77,79,81",charged_lepton,G4,none,16,"(0,24,0)x1; (40,24,2)x2; (40,54,6)x2; (40,84,30)x2; (60,78,25)x3; (80,66,2)x2; (80,66,3)x3; (80,66,4)x1","(24,54,2)x1; (56,54,5)x4; (80,54,6)x11","(0,24,0)=>-0.1751364616628112239348425x1; (40,24,2)=>39.82508593118257305617326x2; (40,54,6)=>39.60661013979482758647091x2; (40,84,30)=>39.39035827686092491784959x2; (60,78,25)=>59.43358641016316702356304x3; (80,66,2)=>79.51859712327265341428729x2; (80,66,3)=>79.51870831969534555434134x3; (80,66,4)=>79.51881951611803769439539x1","(24,54,2)=>23.60616535410405902625471x1; (56,54,5)=>55.60649894337213544641686x4; (80,54,6)=>79.60661013979482758647091x11",24|0|12|0|-12|+++---+++---|4 | 24|0|8|0|-12|+++---+++---|0 | 28|-6|2|0|-12|+++---+++---|0 | 28|-6|4|0|-12|+++---+++---|0 | 28|-6|6|0|-12|+++---+++---|2 | 28|6|-10|0|-12|+++---+++---|0 | 28|6|-2|0|-12|+++---+++---|4 | 28|6|0|0|-12|+++---+++---|3 | 30|-6|-8|0|-8|+0+---+0+---|0 | 30|-6|0|-2|-8|0++---0++---|0 | 30|6|0|2|-8|+++--0+++--0|0 | 30|6|4|0|-12|+++---+++---|0 | 34|0|-12|-2|-8|0++---0++---|0 | 34|0|-16|0|-8|+++-0-+++-0-|0 | 34|0|-8|-2|-8|0++---0++---|0 | 34|0|-8|0|-8|+0+---+0+---|0,1.9937643607749101323895688444927095000718846866769754555883118205063435380637509 | 1.9946513558800892483530910827593730008619334097277610714113193962946492048620724 | 1.9964265300974514394438334516578470528418040258218041533657681260450340226834228 | 20.456225918495720768249202601674296763260512390624189258991675742166640275928905 | 20.478985161321754737722740624894573870940950450239584002241384155727468649237538 | 20.483540047570646996859923013028462364769923319893340929367215402674393960624519 | 20.492652859554042040444396942592306834516844625907036501273302202641352733565752 | 20.497210785739251546096110922840140143860912816666078550711189472236406914184592 | 22.040122022252308123148135855973659608655411158942782139399568402109344621620124 | 226.96239945398614944641634501126514385043417465385445380662816523230901605210987 | 227.06337153540962753846869360373111470396809866515630567231179039392091529173843 | 4.6044332578088872074868131912437166869685536849474848833921313262987222683176761 | 4.6104889644744943963078074570591982444553610733991352662986160492770894204196768 | 4.6105813168311999322639543190480382287937435892524365550071976997369779459012266 | 4.6167375850353218919393199006106846477801027274195165409614336901175850634757750,EXACT_DIAGONAL_OPERATOR_ON_B1_FIBER,REQUIRES_DECLARED_PUSH_FORWARD_UNLESS_RANK_ONE_SELECTED
multisecciones,4,INTERNAL_MULTISECTIONS,1,neutrino_G1,2,"40,42",neutrino,G1,none,2,"(40,24,2)x1; (40,78,27)x1","(40,54,4)x1; (80,54,6)x1","(40,24,2)=>39.82508593118257305617326x1; (40,78,27)=>39.43380880300855130367114x1","(40,54,4)=>39.60638774694944330636281x1; (80,54,6)=>79.60661013979482758647091x1",28|-6|4|0|-12|+++---+++---|1 | 28|6|-4|0|-12|+++---+++---|1,1.9946513558800892483530910827593730008619334097277610714113193962946492048620724 | 4.6044332578088872074868131912437166869685536849474848833921313262987222683176761,EXACT_DIAGONAL_OPERATOR_ON_B1_FIBER,REQUIRES_DECLARED_PUSH_FORWARD_UNLESS_RANK_ONE_SELECTED
multisecciones,5,INTERNAL_MULTISECTIONS,1,neutrino_G2,4,"22,24,58,60",neutrino,G2,none,4,"(0,24,0)x1; (40,84,30)x1; (60,78,25)x1; (80,66,3)x1","(4,54,2)x1; (80,54,6)x3","(0,24,0)=>-0.1751364616628112239348425x1; (40,84,30)=>39.39035827686092491784959x1; (60,78,25)=>59.43358641016316702356304x1; (80,66,3)=>79.51870831969534555434134x1","(4,54,2)=>3.606165354104059026254707x1; (80,54,6)=>79.60661013979482758647091x3",28|-6|8|0|-12|+++---+++---|0 | 28|6|0|0|-12|+++---+++---|0 | 30|-6|0|-2|-8|++0---++0---|0 | 30|6|0|0|-12|+++---+++---|1,1.9955387455957509721626726493674694545740796178835690748163947366245178917595900 | 20.483540047570646996859923013028462364769923319893340929367215402674393960624519 | 227.26545048102022207577493840924146742880885175601445962406032163069357139292892 | 4.6044332578088872074868131912437166869685536849474848833921313262987222683176761,EXACT_DIAGONAL_OPERATOR_ON_B1_FIBER,REQUIRES_DECLARED_PUSH_FORWARD_UNLESS_RANK_ONE_SELECTED
multisecciones,6,INTERNAL_MULTISECTIONS,1,neutrino_G3,6,"20,26,38,44,56,62",neutrino,G3,none,6,"(40,24,2)x2; (40,78,27)x1; (60,84,28)x1; (80,54,6)x1; (80,66,3)x1","(36,54,4)x1; (56,54,5)x1; (80,54,6)x4","(40,24,2)=>39.82508593118257305617326x2; (40,78,27)=>39.43380880300855130367114x1; (60,84,28)=>59.39013588401554063774148x1; (80,54,6)=>79.60661013979482758647091x1; (80,66,3)=>79.51870831969534555434134x1","(36,54,4)=>35.60638774694944330636281x1; (56,54,5)=>55.60649894337213544641686x1; (80,54,6)=>79.60661013979482758647091x4",28|-6|-4|-2|-8|0++---0++---|0 | 28|6|8|0|-12|+++---+++---|0 | 30|-6|8|0|-12|+++---+++---|0 | 30|6|0|0|-12|+++---+++---|0 | 34|0|-4|-2|-8|++0---++0---|0 | 34|0|0|-2|-8|++0---++0---|0,1.9973147095608248880472347245912598850807505816893393131951391460809818740382880 | 20.474431287934345023366353409419847727491512386525373559645031485393763303305543 | 227.36655738518548809449003021401143210365874948303069071037073348606816800837327 | 4.6085310522333273174092697782630115346944699724021406391210373974144116456900373 | 4.6104889644744943963078074570591982444553610733991352662986160492770894204196768 | 4.6187915005934429043913941767657344941689454724783184363579987849947111383797836,EXACT_DIAGONAL_OPERATOR_ON_B1_FIBER,REQUIRES_DECLARED_PUSH_FORWARD_UNLESS_RANK_ONE_SELECTED
multisecciones,7,INTERNAL_MULTISECTIONS,1,neutrino_G4,8,"2,4,6,8,74,76,78,80",neutrino,G4,none,8,"(0,24,0)x1; (40,24,2)x1; (40,78,27)x2; (40,84,30)x1; (80,54,7)x1; (80,66,2)x1; (100,66,0)x1","(36,54,4)x1; (56,54,5)x1; (80,54,6)x6","(0,24,0)=>-0.1751364616628112239348425x1; (40,24,2)=>39.82508593118257305617326x1; (40,78,27)=>39.43380880300855130367114x2; (40,84,30)=>39.39035827686092491784959x1; (80,54,7)=>79.60672133621751972652496x1; (80,66,2)=>79.51859712327265341428729x1; (100,66,0)=>99.51837473042726913417918x1","(36,54,4)=>35.60638774694944330636281x1; (56,54,5)=>55.60649894337213544641686x1; (80,54,6)=>79.60661013979482758647091x6",28|-6|4|0|-8|+0+---+0+---|0 | 28|-6|6|-2|-8|++0---++0---|0 | 28|6|-4|0|-12|+++---+++---|0 | 28|6|2|0|-12|+++---+++---|0 | 30|-6|-4|-2|-8|0++---0++---|0 | 30|6|0|0|-8|+++-0-+++-0-|0 | 34|0|-12|0|-12|+++---+++---|1 | 34|0|-4|0|-12|+++---+++---|0,1.9955387455957509721626726493674694545740796178835690748163947366245178917595900 | 20.474431287934345023366353409419847727491512386525373559645031485393763303305543 | 22.049927333620041670628268468423633437089962360355661732535699486376054424250445 | 227.16438853775944196172640281177916679089243448086857981267487032525012885033954 | 4.6064816993610338490104975408442784786797640862409622751475689092278906511717424 | 4.6084387409444946746699465012516483986087981075390727825847180700957099617749393 | 4.6146845828263138129308812088478015553592731114094108010876228620523085295968490,EXACT_DIAGONAL_OPERATOR_ON_B1_FIBER,REQUIRES_DECLARED_PUSH_FORWARD_UNLESS_RANK_ONE_SELECTED
multisecciones,8,INTERNAL_MULTISECTIONS,1,quark_down_G1,2,"32,50",quark_down,G1,B | G,2,"(40,24,2)x1; (40,78,27)x1","(40,54,4)x1; (80,54,6)x1","(40,24,2)=>39.82508593118257305617326x1; (40,78,27)=>39.43380880300855130367114x1","(40,54,4)=>39.60638774694944330636281x1; (80,54,6)=>79.60661013979482758647091x1",28|-6|4|-2|-8|++0---++0---|0 | 28|6|0|0|-12|+++---+++---|1,1.9955387455957509721626726493674694545740796178835690748163947366245178917595900 | 4.6044332578088872074868131912437166869685536849474848833921313262987222683176761,EXACT_DIAGONAL_OPERATOR_ON_B1_FIBER,REQUIRES_DECLARED_PUSH_FORWARD_UNLESS_RANK_ONE_SELECTED
multisecciones,9,INTERNAL_MULTISECTIONS,1,quark_down_G2,4,"30,34,48,52",quark_down,G2,B | G | R,4,"(0,24,0)x1; (40,84,30)x1; (60,78,25)x1; (80,66,2)x1","(4,54,2)x1; (80,54,6)x3","(0,24,0)=>-0.1751364616628112239348425x1; (40,84,30)=>39.39035827686092491784959x1; (60,78,25)=>59.43358641016316702356304x1; (80,66,2)=>79.51859712327265341428729x1","(4,54,2)=>3.606165354104059026254707x1; (80,54,6)=>79.60661013979482758647091x3",28|-6|0|0|-12|+++---+++---|0 | 28|6|-8|0|-12|+++---+++---|0 | 30|-6|0|-2|-8|++0---++0---|1 | 30|6|0|2|-8|+++0--+++0--|0,1.9955387455957509721626726493674694545740796178835690748163947366245178917595900 | 20.483540047570646996859923013028462364769923319893340929367215402674393960624519 | 226.96239945398614944641634501126514385043417465385445380662816523230901605210987 | 4.6044332578088872074868131912437166869685536849474848833921313262987222683176761,EXACT_DIAGONAL_OPERATOR_ON_B1_FIBER,REQUIRES_DECLARED_PUSH_FORWARD_UNLESS_RANK_ONE_SELECTED
multisecciones,10,INTERNAL_MULTISECTIONS,1,quark_down_G3,6,"12,14,16,66,68,70",quark_down,G3,B | G | R,6,"(40,24,2)x2; (40,78,27)x1; (60,84,28)x1; (80,54,6)x1; (80,66,4)x1","(36,54,4)x1; (80,54,6)x5","(40,24,2)=>39.82508593118257305617326x2; (40,78,27)=>39.43380880300855130367114x1; (60,84,28)=>59.39013588401554063774148x1; (80,54,6)=>79.60661013979482758647091x1; (80,66,4)=>79.51881951611803769439539x1","(36,54,4)=>35.60638774694944330636281x1; (80,54,6)=>79.60661013979482758647091x5",28|-6|0|0|-12|+++---+++---|1 | 28|6|4|0|-12|+++---+++---|0 | 30|-6|0|0|-12|+++---+++---|0 | 30|6|-4|0|-12|+++---+++---|0 | 34|0|-8|-2|-8|++0---++0---|0 | 34|0|0|2|-8|+++0--+++0--|0,1.9964265300974514394438334516578470528418040258218041533657681260450340226834228 | 20.492652859554042040444396942592306834516844625907036501273302202641352733565752 | 227.06337153540962753846869360373111470396809866515630567231179039392091529173843 | 4.6085310522333273174092697782630115346944699724021406391210373974144116456900373 | 4.6104889644744943963078074570591982444553610733991352662986160492770894204196768 | 4.6126324935602643837598585655433836100242039947481813392163797708404721224033619,EXACT_DIAGONAL_OPERATOR_ON_B1_FIBER,REQUIRES_DECLARED_PUSH_FORWARD_UNLESS_RANK_ONE_SELECTED
multisecciones,11,INTERNAL_MULTISECTIONS,1,quark_down_G4,8,"10,18,28,36,46,54,64,72",quark_down,G4,B | G | R,8,"(0,24,0)x1; (40,24,2)x1; (40,78,27)x2; (40,84,30)x1; (80,54,7)x1; (80,66,3)x1; (100,66,2)x1","(36,54,4)x1; (80,54,6)x7","(0,24,0)=>-0.1751364616628112239348425x1; (40,24,2)=>39.82508593118257305617326x1; (40,78,27)=>39.43380880300855130367114x2; (40,84,30)=>39.39035827686092491784959x1; (80,54,7)=>79.60672133621751972652496x1; (80,66,3)=>79.51870831969534555434134x1; (100,66,2)=>99.51859712327265341428729x1","(36,54,4)=>35.60638774694944330636281x1; (80,54,6)=>79.60661013979482758647091x7",28|-6|10|0|-12|+++---+++---|1 | 28|-6|12|0|-12|+++---+++---|0 | 28|6|-2|0|-12|+++---+++---|0 | 28|6|0|0|-12|+++---+++---|2 | 30|-6|0|0|-8|+0+---+0+---|0 | 30|6|8|0|-12|+++---+++---|0 | 34|0|-4|0|-12|+++---+++---|2 | 34|0|-8|0|-12|+++---+++---|0,1.9955387455957509721626726493674694545740796178835690748163947366245178917595900 | 20.474431287934345023366353409419847727491512386525373559645031485393763303305543 | 20.510890647774221016290237126797291045223709355974190284397582383538158419148821 | 227.16438853775944196172640281177916679089243448086857981267487032525012885033954 | 4.6064816993610338490104975408442784786797640862409622751475689092278906511717424 | 4.6145921482790429668939365521517203610640804317920937621923686100536579059602450 | 4.6146845828263138129308812088478015553592731114094108010876228620523085295968490,EXACT_DIAGONAL_OPERATOR_ON_B1_FIBER,REQUIRES_DECLARED_PUSH_FORWARD_UNLESS_RANK_ONE_SELECTED
multisecciones,12,INTERNAL_MULTISECTIONS,1,quark_up_G1,4,"31,33,49,51",quark_up,G1,B | G | R,3,"(40,54,6)x1; (60,78,25)x1; (80,66,2)x1; (80,66,3)x1","(80,54,6)x4","(40,54,6)=>39.60661013979482758647091x1; (60,78,25)=>59.43358641016316702356304x1; (80,66,2)=>79.51859712327265341428729x1; (80,66,3)=>79.51870831969534555434134x1","(80,54,6)=>79.60661013979482758647091x4",24|0|12|0|-12|+++---+++---|1 | 24|0|12|0|-12|+++---+++---|3 | 28|-6|10|0|-12|+++---+++---|0 | 28|6|-2|0|-12|+++---+++---|2,1.9955387455957509721626726493674694545740796178835690748163947366245178917595900 | 20.478985161321754737722740624894573870940950450239584002241384155727468649237538 | 20.506329679623837272324964907348554448564515301974503943105477257541966034818055 | 4.6166451093653423689242977791211414331938808964200585089226203339061276347779220,EXACT_DIAGONAL_OPERATOR_ON_B1_FIBER,REQUIRES_DECLARED_PUSH_FORWARD_UNLESS_RANK_ONE_SELECTED
multisecciones,13,INTERNAL_MULTISECTIONS,1,quark_up_G3,12,"11,13,15,17,29,35,47,53,65,67,69,71",quark_up,G3,B | G | R,12,"(40,24,2)x2; (40,78,27)x2; (60,84,28)x1; (80,54,6)x3; (80,66,3)x1; (80,66,4)x1; (100,66,0)x1; (100,66,2)x1","(56,54,5)x3; (80,54,6)x9","(40,24,2)=>39.82508593118257305617326x2; (40,78,27)=>39.43380880300855130367114x2; (60,84,28)=>59.39013588401554063774148x1; (80,54,6)=>79.60661013979482758647091x3; (80,66,3)=>79.51870831969534555434134x1; (80,66,4)=>79.51881951611803769439539x1; (100,66,0)=>99.51837473042726913417918x1; (100,66,2)=>99.51859712327265341428729x1","(56,54,5)=>55.60649894337213544641686x3; (80,54,6)=>79.60661013979482758647091x9",24|0|4|0|-12|+++---+++---|0 | 24|0|8|0|-12|+++---+++---|1 | 28|-6|-2|-2|-8|0++---0++---|0 | 28|-6|6|0|-12|+++---+++---|0 | 28|6|-2|0|-12|+++---+++---|1 | 28|6|-6|0|-12|+++---+++---|0 | 30|-6|4|0|-12|+++---+++---|0 | 30|6|-8|0|-12|+++---+++---|0 | 34|0|-16|0|-8|+0+---+0+---|0 | 34|0|-20|-2|-8|0++---0++---|0 | 34|0|-4|2|-8|+++--0+++--0|0 | 34|0|0|0|-8|+0+---+0+---|0,1.9946513558800892483530910827593730008619334097277610714113193962946492048620724 | 1.9973147095608248880472347245912598850807505816893393131951391460809818740382880 | 20.438036736831581468429817842190028981902120995235590641926464289396565868256331 | 20.469878427183189752194962862741157889594196557274890154540663848364152013860814 | 20.474431287934345023366353409419847727491512386525373559645031485393763303305543 | 20.478985161321754737722740624894573870940950450239584002241384155727468649237538 | 226.96239945398614944641634501126514385043417465385445380662816523230901605210987 | 4.6063894291218117589897362203643936046364122307866880241761915804751549945525031 | 4.6125401001174154894541662891569719968072399014321567792068948205745386936810738 | 4.6145921482790429668939365521517203610640804317920937621923686100536579059602450 | 4.6146845828263138129308812088478015553592731114094108010876228620523085295968490,EXACT_DIAGONAL_OPERATOR_ON_B1_FIBER,REQUIRES_DECLARED_PUSH_FORWARD_UNLESS_RANK_ONE_SELECTED
