particle,n,k,t,mass_reference_MeV,mass_HMT_MeV,delta_ppm,pair_family
mu,64,146,1,105.658374,105.656529,-17.4619382274,mu
tau,64,349,-1,1776.86,1776.835,-14.0697635154,tau
pi_plus_minus,37,125,0,139.57039,139.570582,1.37564994982,pi_plus_minus
K_plus_minus,52,177,1,493.677,493.679,4.05123187833,K_plus_minus
K0,53,178,1,497.611,497.616,10.0480093889,K0
p,55,195,1,938.272081,938.27244,0.382618226919,p
n,55,197,0,939.565413,939.538,-29.1762549161,n
eta,46,158,0,547.862,547.836,-47.4572063768,eta
rho0,50,176,0,775.26,775.267,9.02922890385,rho0
phi_1020,54,190,0,1019.461,1019.475,13.7327470104,phi_1020
J_psi,64,237,0,3096.916,3096.979,20.3428184684,J_psi
Upsilon_1S,89,334,0,9460.3,9460.34,4.22819572318,Upsilon_1S
