_catalog_source,_catalog_ordinal,_catalog_role,_catalog_key_occurrence,route_family_R,cell_count_B1,cells,structural_multisections,physical_families,colors,K_D_spectrum,K_Omega_spectrum,joint_profile_count,signature_spectrum,character_tower_spectrum,status
familias,1,INTERNAL_ROUTE_FAMILIES,1,24|0|12|0|-12|+++---+++---,5,"21,31,41,51,81",charged_lepton_G0 | charged_lepton_G2 | charged_lepton_G4 | quark_up_G1,charged_lepton | quark_up,R | none,"(0,24,0)x2; (40,54,6)x1; (60,78,25)x1; (80,54,6)x1","(24,54,2)x1; (80,54,6)x4",5,24|0|12|0|-12|+++---+++---|0 | 24|0|12|0|-12|+++---+++---|1 | 24|0|12|0|-12|+++---+++---|2 | 24|0|12|0|-12|+++---+++---|3 | 24|0|12|0|-12|+++---+++---|4,1.9955387455957509721626726493674694545740796178835690748163947366245178917595900 | 4.6044332578088872074868131912437166869685536849474848833921313262987222683176761 | 4.6146845828263138129308812088478015553592731114094108010876228620523085295968490 | 4.6166451093653423689242977791211414331938808964200585089226203339061276347779220,EXACT_INTERNAL_ROUTE_FAMILY; NOT_A_PHYSICAL_SPECIES
familias,2,INTERNAL_ROUTE_FAMILIES,1,24|0|4|0|-12|+++---+++---,2,"11,61",charged_lepton_G2 | quark_up_G3,charged_lepton | quark_up,R | none,"(60,84,28)x1; (80,54,7)x1","(80,54,6)x2",2,24|0|4|0|-12|+++---+++---|0 | 24|0|4|0|-12|+++---+++---|1,226.96239945398614944641634501126514385043417465385445380662816523230901605210987 | 4.6125401001174154894541662891569719968072399014321567792068948205745386936810738,EXACT_INTERNAL_ROUTE_FAMILY; NOT_A_PHYSICAL_SPECIES
familias,3,INTERNAL_ROUTE_FAMILIES,1,24|0|8|0|-12|+++---+++---,2,"1,71",charged_lepton_G4 | quark_up_G3,charged_lepton | quark_up,R | none,"(60,78,25)x1; (80,54,6)x1","(80,54,6)x2",2,24|0|8|0|-12|+++---+++---|0 | 24|0|8|0|-12|+++---+++---|1,1.9946513558800892483530910827593730008619334097277610714113193962946492048620724 | 4.6145921482790429668939365521517203610640804317920937621923686100536579059602450,EXACT_INTERNAL_ROUTE_FAMILY; NOT_A_PHYSICAL_SPECIES
familias,4,INTERNAL_ROUTE_FAMILIES,1,28|-6|-2|-2|-8|0++---0++---,1,53,quark_up_G3,quark_up,G,"(80,66,3)x1","(56,54,5)x1",1,28|-6|-2|-2|-8|0++---0++---|0,20.478985161321754737722740624894573870940950450239584002241384155727468649237538,EXACT_INTERNAL_ROUTE_FAMILY; NOT_A_PHYSICAL_SPECIES
familias,5,INTERNAL_ROUTE_FAMILIES,1,28|-6|-4|-2|-8|0++---0++---,1,20,neutrino_G3,neutrino,none,"(80,66,3)x1","(56,54,5)x1",1,28|-6|-4|-2|-8|0++---0++---|0,20.474431287934345023366353409419847727491512386525373559645031485393763303305543,EXACT_INTERNAL_ROUTE_FAMILY; NOT_A_PHYSICAL_SPECIES
familias,6,INTERNAL_ROUTE_FAMILIES,1,28|-6|0|0|-12|+++---+++---,2,"30,70",quark_down_G2 | quark_down_G3,quark_down,G,"(40,24,2)x1; (80,66,2)x1","(80,54,6)x2",2,28|-6|0|0|-12|+++---+++---|0 | 28|-6|0|0|-12|+++---+++---|1,20.483540047570646996859923013028462364769923319893340929367215402674393960624519 | 4.6126324935602643837598585655433836100242039947481813392163797708404721224033619,EXACT_INTERNAL_ROUTE_FAMILY; NOT_A_PHYSICAL_SPECIES
familias,7,INTERNAL_ROUTE_FAMILIES,1,28|-6|10|0|-12|+++---+++---,2,"33,64",quark_down_G4 | quark_up_G1,quark_down | quark_up,G,"(40,24,2)x1; (80,66,2)x1","(36,54,4)x1; (80,54,6)x1",2,28|-6|10|0|-12|+++---+++---|0 | 28|-6|10|0|-12|+++---+++---|1,20.506329679623837272324964907348554448564515301974503943105477257541966034818055 | 4.6064816993610338490104975408442784786797640862409622751475689092278906511717424,EXACT_INTERNAL_ROUTE_FAMILY; NOT_A_PHYSICAL_SPECIES
familias,8,INTERNAL_ROUTE_FAMILIES,1,28|-6|12|0|-12|+++---+++---,1,10,quark_down_G4,quark_down,G,"(100,66,2)x1","(80,54,6)x1",1,28|-6|12|0|-12|+++---+++---|0,20.510890647774221016290237126797291045223709355974190284397582383538158419148821,EXACT_INTERNAL_ROUTE_FAMILY; NOT_A_PHYSICAL_SPECIES
familias,9,INTERNAL_ROUTE_FAMILIES,1,28|-6|2|0|-12|+++---+++---,1,3,charged_lepton_G4,charged_lepton,none,"(40,84,30)x1","(80,54,6)x1",1,28|-6|2|0|-12|+++---+++---|0,227.06337153540962753846869360373111470396809866515630567231179039392091529173843,EXACT_INTERNAL_ROUTE_FAMILY; NOT_A_PHYSICAL_SPECIES
familias,10,INTERNAL_ROUTE_FAMILIES,1,28|-6|4|-2|-8|++0---++0---,1,50,quark_down_G1,quark_down,G,"(40,78,27)x1","(80,54,6)x1",1,28|-6|4|-2|-8|++0---++0---|0,1.9955387455957509721626726493674694545740796178835690748163947366245178917595900,EXACT_INTERNAL_ROUTE_FAMILY; NOT_A_PHYSICAL_SPECIES
familias,11,INTERNAL_ROUTE_FAMILIES,1,28|-6|4|0|-12|+++---+++---,2,"9,40",charged_lepton_G4 | neutrino_G1,charged_lepton | neutrino,none,"(40,24,2)x1; (80,66,2)x1","(40,54,4)x1; (80,54,6)x1",2,28|-6|4|0|-12|+++---+++---|0 | 28|-6|4|0|-12|+++---+++---|1,20.492652859554042040444396942592306834516844625907036501273302202641352733565752 | 4.6044332578088872074868131912437166869685536849474848833921313262987222683176761,EXACT_INTERNAL_ROUTE_FAMILY; NOT_A_PHYSICAL_SPECIES
familias,12,INTERNAL_ROUTE_FAMILIES,1,28|-6|4|0|-8|+0+---+0+---,1,80,neutrino_G4,neutrino,none,"(40,78,27)x1","(80,54,6)x1",1,28|-6|4|0|-8|+0+---+0+---|0,1.9955387455957509721626726493674694545740796178835690748163947366245178917595900,EXACT_INTERNAL_ROUTE_FAMILY; NOT_A_PHYSICAL_SPECIES
familias,13,INTERNAL_ROUTE_FAMILIES,1,28|-6|6|-2|-8|++0---++0---,1,74,neutrino_G4,neutrino,none,"(40,78,27)x1","(80,54,6)x1",1,28|-6|6|-2|-8|++0---++0---|0,1.9955387455957509721626726493674694545740796178835690748163947366245178917595900,EXACT_INTERNAL_ROUTE_FAMILY; NOT_A_PHYSICAL_SPECIES
familias,14,INTERNAL_ROUTE_FAMILIES,1,28|-6|6|0|-12|+++---+++---,3,"13,43,63",charged_lepton_G2 | charged_lepton_G4 | quark_up_G3,charged_lepton | quark_up,G | none,"(40,24,2)x1; (80,66,2)x1; (100,66,2)x1","(80,54,6)x3",3,28|-6|6|0|-12|+++---+++---|0 | 28|-6|6|0|-12|+++---+++---|1 | 28|-6|6|0|-12|+++---+++---|2,20.497210785739251546096110922840140143860912816666078550711189472236406914184592 | 4.6146845828263138129308812088478015553592731114094108010876228620523085295968490,EXACT_INTERNAL_ROUTE_FAMILY; NOT_A_PHYSICAL_SPECIES
familias,15,INTERNAL_ROUTE_FAMILIES,1,28|-6|6|0|-8|+0+---+0+---,1,23,charged_lepton_G2,charged_lepton,none,"(40,78,27)x1","(80,54,6)x1",1,28|-6|6|0|-8|+0+---+0+---|0,1.9955387455957509721626726493674694545740796178835690748163947366245178917595900,EXACT_INTERNAL_ROUTE_FAMILY; NOT_A_PHYSICAL_SPECIES
familias,16,INTERNAL_ROUTE_FAMILIES,1,28|-6|8|0|-12|+++---+++---,1,60,neutrino_G2,neutrino,none,"(40,84,30)x1","(80,54,6)x1",1,28|-6|8|0|-12|+++---+++---|0,227.26545048102022207577493840924146742880885175601445962406032163069357139292892,EXACT_INTERNAL_ROUTE_FAMILY; NOT_A_PHYSICAL_SPECIES
familias,17,INTERNAL_ROUTE_FAMILIES,1,28|6|-10|0|-12|+++---+++---,1,19,charged_lepton_G4,charged_lepton,none,"(40,84,30)x1","(80,54,6)x1",1,28|6|-10|0|-12|+++---+++---|0,226.96239945398614944641634501126514385043417465385445380662816523230901605210987,EXACT_INTERNAL_ROUTE_FAMILY; NOT_A_PHYSICAL_SPECIES
familias,18,INTERNAL_ROUTE_FAMILIES,1,28|6|-2|0|-12|+++---+++---,5,"18,29,49,59,79",charged_lepton_G2 | charged_lepton_G4 | quark_down_G4 | quark_up_G1 | quark_up_G3,charged_lepton | quark_down | quark_up,B | none,"(40,24,2)x1; (40,78,27)x1; (80,66,3)x2; (100,66,0)x1","(80,54,6)x5",4,28|6|-2|0|-12|+++---+++---|0 | 28|6|-2|0|-12|+++---+++---|1 | 28|6|-2|0|-12|+++---+++---|2 | 28|6|-2|0|-12|+++---+++---|3 | 28|6|-2|0|-12|+++---+++---|4,1.9955387455957509721626726493674694545740796178835690748163947366245178917595900 | 20.478985161321754737722740624894573870940950450239584002241384155727468649237538 | 4.6146845828263138129308812088478015553592731114094108010876228620523085295968490,EXACT_INTERNAL_ROUTE_FAMILY; NOT_A_PHYSICAL_SPECIES
familias,19,INTERNAL_ROUTE_FAMILIES,1,28|6|-4|0|-12|+++---+++---,2,"2,42",neutrino_G1 | neutrino_G4,neutrino,none,"(40,78,27)x1; (100,66,0)x1","(80,54,6)x2",2,28|6|-4|0|-12|+++---+++---|0 | 28|6|-4|0|-12|+++---+++---|1,1.9946513558800892483530910827593730008619334097277610714113193962946492048620724 | 20.474431287934345023366353409419847727491512386525373559645031485393763303305543,EXACT_INTERNAL_ROUTE_FAMILY; NOT_A_PHYSICAL_SPECIES
familias,20,INTERNAL_ROUTE_FAMILIES,1,28|6|-6|0|-12|+++---+++---,1,69,quark_up_G3,quark_up,B,"(80,66,4)x1","(80,54,6)x1",1,28|6|-6|0|-12|+++---+++---|0,20.469878427183189752194962862741157889594196557274890154540663848364152013860814,EXACT_INTERNAL_ROUTE_FAMILY; NOT_A_PHYSICAL_SPECIES
familias,21,INTERNAL_ROUTE_FAMILIES,1,28|6|-8|0|-12|+++---+++---,1,52,quark_down_G2,quark_down,B,"(40,84,30)x1","(80,54,6)x1",1,28|6|-8|0|-12|+++---+++---|0,226.96239945398614944641634501126514385043417465385445380662816523230901605210987,EXACT_INTERNAL_ROUTE_FAMILY; NOT_A_PHYSICAL_SPECIES
familias,22,INTERNAL_ROUTE_FAMILIES,1,28|6|0|0|-12|+++---+++---,4,"22,32,72,73",charged_lepton_G4 | neutrino_G2 | quark_down_G1 | quark_down_G4,charged_lepton | neutrino | quark_down,B | none,"(40,24,2)x1; (40,78,27)x1; (80,66,3)x2","(40,54,4)x1; (80,54,6)x3",3,28|6|0|0|-12|+++---+++---|0 | 28|6|0|0|-12|+++---+++---|1 | 28|6|0|0|-12|+++---+++---|2 | 28|6|0|0|-12|+++---+++---|3,1.9955387455957509721626726493674694545740796178835690748163947366245178917595900 | 20.483540047570646996859923013028462364769923319893340929367215402674393960624519 | 4.6044332578088872074868131912437166869685536849474848833921313262987222683176761,EXACT_INTERNAL_ROUTE_FAMILY; NOT_A_PHYSICAL_SPECIES
familias,23,INTERNAL_ROUTE_FAMILIES,1,28|6|2|0|-12|+++---+++---,2,"8,39",charged_lepton_G2 | neutrino_G4,charged_lepton | neutrino,none,"(40,24,2)x1; (40,78,27)x1","(36,54,4)x1; (80,54,6)x1",2,28|6|2|0|-12|+++---+++---|0 | 28|6|2|0|-12|+++---+++---|1,1.9964265300974514394438334516578470528418040258218041533657681260450340226834228 | 4.6064816993610338490104975408442784786797640862409622751475689092278906511717424,EXACT_INTERNAL_ROUTE_FAMILY; NOT_A_PHYSICAL_SPECIES
familias,24,INTERNAL_ROUTE_FAMILIES,1,28|6|4|0|-12|+++---+++---,1,12,quark_down_G3,quark_down,B,"(80,66,4)x1","(80,54,6)x1",1,28|6|4|0|-12|+++---+++---|0,20.492652859554042040444396942592306834516844625907036501273302202641352733565752,EXACT_INTERNAL_ROUTE_FAMILY; NOT_A_PHYSICAL_SPECIES
familias,25,INTERNAL_ROUTE_FAMILIES,1,28|6|8|0|-12|+++---+++---,1,62,neutrino_G3,neutrino,none,"(40,24,2)x1","(80,54,6)x1",1,28|6|8|0|-12|+++---+++---|0,4.6187915005934429043913941767657344941689454724783184363579987849947111383797836,EXACT_INTERNAL_ROUTE_FAMILY; NOT_A_PHYSICAL_SPECIES
familias,26,INTERNAL_ROUTE_FAMILIES,1,30|-6|-4|-2|-8|0++---0++---,1,4,neutrino_G4,neutrino,none,"(80,54,7)x1","(56,54,5)x1",1,30|-6|-4|-2|-8|0++---0++---|0,4.6084387409444946746699465012516483986087981075390727825847180700957099617749393,EXACT_INTERNAL_ROUTE_FAMILY; NOT_A_PHYSICAL_SPECIES
familias,27,INTERNAL_ROUTE_FAMILIES,1,30|-6|-8|0|-8|+0+---+0+---,1,55,charged_lepton_G4,charged_lepton,none,"(60,78,25)x1","(80,54,6)x1",1,30|-6|-8|0|-8|+0+---+0+---|0,1.9937643607749101323895688444927095000718846866769754555883118205063435380637509,EXACT_INTERNAL_ROUTE_FAMILY; NOT_A_PHYSICAL_SPECIES
familias,28,INTERNAL_ROUTE_FAMILIES,1,30|-6|0|-2|-8|++0---++0---,2,"24,34",neutrino_G2 | quark_down_G2,neutrino | quark_down,R | none,"(0,24,0)x1; (60,78,25)x1","(4,54,2)x1; (80,54,6)x1",2,30|-6|0|-2|-8|++0---++0---|0 | 30|-6|0|-2|-8|++0---++0---|1,1.9955387455957509721626726493674694545740796178835690748163947366245178917595900 | 4.6044332578088872074868131912437166869685536849474848833921313262987222683176761,EXACT_INTERNAL_ROUTE_FAMILY; NOT_A_PHYSICAL_SPECIES
familias,29,INTERNAL_ROUTE_FAMILIES,1,30|-6|0|-2|-8|0++---0++---,1,75,charged_lepton_G4,charged_lepton,none,"(40,54,6)x1","(56,54,5)x1",1,30|-6|0|-2|-8|0++---0++---|0,4.6104889644744943963078074570591982444553610733991352662986160492770894204196768,EXACT_INTERNAL_ROUTE_FAMILY; NOT_A_PHYSICAL_SPECIES
familias,30,INTERNAL_ROUTE_FAMILIES,1,30|-6|0|0|-12|+++---+++---,1,14,quark_down_G3,quark_down,R,"(80,54,6)x1","(80,54,6)x1",1,30|-6|0|0|-12|+++---+++---|0,4.6104889644744943963078074570591982444553610733991352662986160492770894204196768,EXACT_INTERNAL_ROUTE_FAMILY; NOT_A_PHYSICAL_SPECIES
familias,31,INTERNAL_ROUTE_FAMILIES,1,30|-6|0|0|-8|+0+---+0+---,1,54,quark_down_G4,quark_down,R,"(0,24,0)x1","(80,54,6)x1",1,30|-6|0|0|-8|+0+---+0+---|0,4.6146845828263138129308812088478015553592731114094108010876228620523085295968490,EXACT_INTERNAL_ROUTE_FAMILY; NOT_A_PHYSICAL_SPECIES
familias,32,INTERNAL_ROUTE_FAMILIES,1,30|-6|4|0|-12|+++---+++---,1,65,quark_up_G3,quark_up,R,"(80,54,6)x1","(80,54,6)x1",1,30|-6|4|0|-12|+++---+++---|0,4.6125401001174154894541662891569719968072399014321567792068948205745386936810738,EXACT_INTERNAL_ROUTE_FAMILY; NOT_A_PHYSICAL_SPECIES
familias,33,INTERNAL_ROUTE_FAMILIES,1,30|-6|8|0|-12|+++---+++---,1,44,neutrino_G3,neutrino,none,"(60,84,28)x1","(80,54,6)x1",1,30|-6|8|0|-12|+++---+++---|0,227.36655738518548809449003021401143210365874948303069071037073348606816800837327,EXACT_INTERNAL_ROUTE_FAMILY; NOT_A_PHYSICAL_SPECIES
familias,34,INTERNAL_ROUTE_FAMILIES,1,30|6|-4|0|-12|+++---+++---,1,68,quark_down_G3,quark_down,R,"(60,84,28)x1","(80,54,6)x1",1,30|6|-4|0|-12|+++---+++---|0,227.06337153540962753846869360373111470396809866515630567231179039392091529173843,EXACT_INTERNAL_ROUTE_FAMILY; NOT_A_PHYSICAL_SPECIES
familias,35,INTERNAL_ROUTE_FAMILIES,1,30|6|-8|0|-12|+++---+++---,1,17,quark_up_G3,quark_up,R,"(80,54,6)x1","(80,54,6)x1",1,30|6|-8|0|-12|+++---+++---|0,4.6063894291218117589897362203643936046364122307866880241761915804751549945525031,EXACT_INTERNAL_ROUTE_FAMILY; NOT_A_PHYSICAL_SPECIES
familias,36,INTERNAL_ROUTE_FAMILIES,1,30|6|0|0|-12|+++---+++---,2,"38,58",neutrino_G2 | neutrino_G3,neutrino,none,"(60,78,25)x1; (80,54,6)x1","(80,54,6)x2",2,30|6|0|0|-12|+++---+++---|0 | 30|6|0|0|-12|+++---+++---|1,1.9955387455957509721626726493674694545740796178835690748163947366245178917595900 | 4.6104889644744943963078074570591982444553610733991352662986160492770894204196768,EXACT_INTERNAL_ROUTE_FAMILY; NOT_A_PHYSICAL_SPECIES
familias,37,INTERNAL_ROUTE_FAMILIES,1,30|6|0|0|-8|+++-0-+++-0-,1,78,neutrino_G4,neutrino,none,"(0,24,0)x1","(80,54,6)x1",1,30|6|0|0|-8|+++-0-+++-0-|0,4.6146845828263138129308812088478015553592731114094108010876228620523085295968490,EXACT_INTERNAL_ROUTE_FAMILY; NOT_A_PHYSICAL_SPECIES
familias,38,INTERNAL_ROUTE_FAMILIES,1,30|6|0|2|-8|+++--0+++--0,1,27,charged_lepton_G4,charged_lepton,none,"(40,54,6)x1","(56,54,5)x1",1,30|6|0|2|-8|+++--0+++--0|0,4.6104889644744943963078074570591982444553610733991352662986160492770894204196768,EXACT_INTERNAL_ROUTE_FAMILY; NOT_A_PHYSICAL_SPECIES
familias,39,INTERNAL_ROUTE_FAMILIES,1,30|6|0|2|-8|+++0--+++0--,1,48,quark_down_G2,quark_down,R,"(0,24,0)x1","(4,54,2)x1",1,30|6|0|2|-8|+++0--+++0--|0,4.6044332578088872074868131912437166869685536849474848833921313262987222683176761,EXACT_INTERNAL_ROUTE_FAMILY; NOT_A_PHYSICAL_SPECIES
familias,40,INTERNAL_ROUTE_FAMILIES,1,30|6|4|0|-12|+++---+++---,1,7,charged_lepton_G4,charged_lepton,none,"(60,78,25)x1","(80,54,6)x1",1,30|6|4|0|-12|+++---+++---|0,1.9964265300974514394438334516578470528418040258218041533657681260450340226834228,EXACT_INTERNAL_ROUTE_FAMILY; NOT_A_PHYSICAL_SPECIES
familias,41,INTERNAL_ROUTE_FAMILIES,1,30|6|8|0|-12|+++---+++---,1,28,quark_down_G4,quark_down,R,"(80,54,7)x1","(80,54,6)x1",1,30|6|8|0|-12|+++---+++---|0,4.6145921482790429668939365521517203610640804317920937621923686100536579059602450,EXACT_INTERNAL_ROUTE_FAMILY; NOT_A_PHYSICAL_SPECIES
familias,42,INTERNAL_ROUTE_FAMILIES,1,34|0|-12|-2|-8|0++---0++---,1,45,charged_lepton_G4,charged_lepton,none,"(80,66,4)x1","(56,54,5)x1",1,34|0|-12|-2|-8|0++---0++---|0,20.456225918495720768249202601674296763260512390624189258991675742166640275928905,EXACT_INTERNAL_ROUTE_FAMILY; NOT_A_PHYSICAL_SPECIES
familias,43,INTERNAL_ROUTE_FAMILIES,1,34|0|-12|0|-12|+++---+++---,2,"57,76",charged_lepton_G2 | neutrino_G4,charged_lepton | neutrino,none,"(40,84,30)x1; (80,66,2)x1","(80,54,6)x2",2,34|0|-12|0|-12|+++---+++---|0 | 34|0|-12|0|-12|+++---+++---|1,20.456225918495720768249202601674296763260512390624189258991675742166640275928905 | 227.16438853775944196172640281177916679089243448086857981267487032525012885033954,EXACT_INTERNAL_ROUTE_FAMILY; NOT_A_PHYSICAL_SPECIES
familias,44,INTERNAL_ROUTE_FAMILIES,1,34|0|-16|0|-8|+++-0-+++-0-,1,37,charged_lepton_G4,charged_lepton,none,"(40,24,2)x1","(80,54,6)x1",1,34|0|-16|0|-8|+++-0-+++-0-|0,4.6105813168311999322639543190480382287937435892524365550071976997369779459012266,EXACT_INTERNAL_ROUTE_FAMILY; NOT_A_PHYSICAL_SPECIES
familias,45,INTERNAL_ROUTE_FAMILIES,1,34|0|-16|0|-8|+0+---+0+---,1,15,quark_up_G3,quark_up,B,"(40,78,27)x1","(80,54,6)x1",1,34|0|-16|0|-8|+0+---+0+---|0,1.9946513558800892483530910827593730008619334097277610714113193962946492048620724,EXACT_INTERNAL_ROUTE_FAMILY; NOT_A_PHYSICAL_SPECIES
familias,46,INTERNAL_ROUTE_FAMILIES,1,34|0|-20|-2|-8|0++---0++---,1,35,quark_up_G3,quark_up,B,"(100,66,0)x1","(56,54,5)x1",1,34|0|-20|-2|-8|0++---0++---|0,20.438036736831581468429817842190028981902120995235590641926464289396565868256331,EXACT_INTERNAL_ROUTE_FAMILY; NOT_A_PHYSICAL_SPECIES
familias,47,INTERNAL_ROUTE_FAMILIES,1,34|0|-4|-2|-8|++0---++0---,1,56,neutrino_G3,neutrino,none,"(40,24,2)x1","(36,54,4)x1",1,34|0|-4|-2|-8|++0---++0---|0,4.6085310522333273174092697782630115346944699724021406391210373974144116456900373,EXACT_INTERNAL_ROUTE_FAMILY; NOT_A_PHYSICAL_SPECIES
familias,48,INTERNAL_ROUTE_FAMILIES,1,34|0|-4|0|-12|+++---+++---,3,"6,25,46",charged_lepton_G2 | neutrino_G4 | quark_down_G4,charged_lepton | neutrino | quark_down,B | none,"(80,66,2)x1; (80,66,3)x2","(80,54,6)x3",2,34|0|-4|0|-12|+++---+++---|0 | 34|0|-4|0|-12|+++---+++---|1 | 34|0|-4|0|-12|+++---+++---|2,20.474431287934345023366353409419847727491512386525373559645031485393763303305543 | 22.049927333620041670628268468423633437089962360355661732535699486376054424250445,EXACT_INTERNAL_ROUTE_FAMILY; NOT_A_PHYSICAL_SPECIES
familias,49,INTERNAL_ROUTE_FAMILIES,1,34|0|-4|2|-8|+++--0+++--0,1,67,quark_up_G3,quark_up,G,"(100,66,2)x1","(56,54,5)x1",1,34|0|-4|2|-8|+++--0+++--0|0,20.474431287934345023366353409419847727491512386525373559645031485393763303305543,EXACT_INTERNAL_ROUTE_FAMILY; NOT_A_PHYSICAL_SPECIES
familias,50,INTERNAL_ROUTE_FAMILIES,1,34|0|-8|-2|-8|++0---++0---,1,66,quark_down_G3,quark_down,B,"(40,78,27)x1","(80,54,6)x1",1,34|0|-8|-2|-8|++0---++0---|0,1.9964265300974514394438334516578470528418040258218041533657681260450340226834228,EXACT_INTERNAL_ROUTE_FAMILY; NOT_A_PHYSICAL_SPECIES
familias,51,INTERNAL_ROUTE_FAMILIES,1,34|0|-8|-2|-8|0++---0++---,1,77,charged_lepton_G4,charged_lepton,none,"(80,66,3)x1","(56,54,5)x1",1,34|0|-8|-2|-8|0++---0++---|0,22.040122022252308123148135855973659608655411158942782139399568402109344621620124,EXACT_INTERNAL_ROUTE_FAMILY; NOT_A_PHYSICAL_SPECIES
familias,52,INTERNAL_ROUTE_FAMILIES,1,34|0|-8|0|-12|+++---+++---,1,36,quark_down_G4,quark_down,G,"(40,84,30)x1","(80,54,6)x1",1,34|0|-8|0|-12|+++---+++---|0,227.16438853775944196172640281177916679089243448086857981267487032525012885033954,EXACT_INTERNAL_ROUTE_FAMILY; NOT_A_PHYSICAL_SPECIES
familias,53,INTERNAL_ROUTE_FAMILIES,1,34|0|-8|0|-8|+0+---+0+---,1,5,charged_lepton_G4,charged_lepton,none,"(40,24,2)x1","(80,54,6)x1",1,34|0|-8|0|-8|+0+---+0+---|0,4.6167375850353218919393199006106846477801027274195165409614336901175850634757750,EXACT_INTERNAL_ROUTE_FAMILY; NOT_A_PHYSICAL_SPECIES
familias,54,INTERNAL_ROUTE_FAMILIES,1,34|0|0|-2|-8|++0---++0---,1,26,neutrino_G3,neutrino,none,"(40,78,27)x1","(80,54,6)x1",1,34|0|0|-2|-8|++0---++0---|0,1.9973147095608248880472347245912598850807505816893393131951391460809818740382880,EXACT_INTERNAL_ROUTE_FAMILY; NOT_A_PHYSICAL_SPECIES
familias,55,INTERNAL_ROUTE_FAMILIES,1,34|0|0|0|-8|+0+---+0+---,1,47,quark_up_G3,quark_up,G,"(40,78,27)x1","(80,54,6)x1",1,34|0|0|0|-8|+0+---+0+---|0,1.9973147095608248880472347245912598850807505816893393131951391460809818740382880,EXACT_INTERNAL_ROUTE_FAMILY; NOT_A_PHYSICAL_SPECIES
familias,56,INTERNAL_ROUTE_FAMILIES,1,34|0|0|2|-8|+++0--+++0--,1,16,quark_down_G3,quark_down,G,"(40,24,2)x1","(36,54,4)x1",1,34|0|0|2|-8|+++0--+++0--|0,4.6085310522333273174092697782630115346944699724021406391210373974144116456900373,EXACT_INTERNAL_ROUTE_FAMILY; NOT_A_PHYSICAL_SPECIES
