t,K_t,dK,candidate_pair_counts_pi_e_phi,candidate_word_counts_pi_e_phi,signature_matrices_total,signature_and_cylinder_selected,actual_rows_in_selected,actual_delta_in_selected,one_step_survivors,dictamen,actual_rows,actual_delta,signature_q,signature_a,signature_c,signature_colw,signature_dual,signature_r
5,5,1,"735,736,736","729,729,729",2,2,True,True,1,survival selects,111201|201202|221021,"(238, 235, 848)",200121,121112,111101,323213,101,012
6,6,1,"738,738,738","729,729,729",6,6,True,True,3,ambiguous,212121|222210|200221,"(462, 360, 204)",001222,201110,211110,322332,220,001
7,7,1,"742,741,741","729,729,729",11,11,True,True,3,ambiguous,200121|212212|110110,"(643, 287, 586)",222110,002220,100111,321332,202,011
8,8,1,"746,746,746","729,729,729",3,3,True,True,2,ambiguous,100100|020112|010122,"(383, 471, 834)",100001,110120,010111,120322,000,200
9,9,1,"753,753,752","729,729,729",3,3,True,True,1,survival selects,101222|112221|112002,"(279, 352, 365)",022112,101111,101111,323223,011,200
10,10,1,"761,761,761","729,729,729",11,11,True,True,1,survival selects,022212|110001|100021,"(502, 662, 638)",202201,002222,010011,221123,012,001
11,11,1,"774,773,774","729,729,729",3,3,True,True,1,survival selects,012012|202222|000120,"(884, 497, 117)",211021,211111,001111,112232,000,010
12,12,1,"789,790,790","729,729,729",5,5,True,True,1,survival selects,111210|112102|211122,"(197, 757, 720)",101101,012220,111111,333322,122,010
13,13,1,"812,813,812","729,729,729",3,3,True,True,1,survival selects,121011|102010|202200,"(169, 247, 309)",122221,021121,101000,313121,122,010
14,14,1,"843,844,844","729,729,729",3,3,True,True,1,survival selects,200220|022020|202110,"(399, 93, 179)",121020,020100,101110,212230,202,000
15,15,1,"886,886,886","729,729,729",5,5,True,True,1,survival selects,120210|222002|221000,"(375, 699, 805)",200212,121212,121000,332111,111,022
16,16,1,"945,356,945","729,275,729",11,11,True,True,1,survival selects,000101|012010|100102,"(105, 959, 762)",112210,212012,000001,111212,212,211
17,17,1,"928,1024,996","661,729,709",6,6,True,True,1,survival selects,022010|001112|111122,"(820, 574, 862)",101211,212000,011011,123232,220,222
18,18,1,"343,465,1135","221,299,729",3,1,True,True,0,unique,020111|022212|020010,"(974, 966, 135)",002000,022010,020111,031232,200,200
19,19,1,"847,380,1285","481,216,729",1,1,True,True,0,unique,120002|020102|102121,"(944, 967, 448)",212222,011010,010001,221213,022,221
20,20,0,"611,527,723","611,527,723",5,5,True,True,5,ambiguous,221022|020100|211021,"(0, 0, 0)",122110,000101,110011,232122,200,001
21,20,1,"730,730,730","729,729,729",2,2,True,True,2,ambiguous,201100|001211|101021,"(592, 627, 622)",000002,101020,101110,203222,020,122
22,21,1,"730,730,730","729,729,729",1,1,True,True,0,unique,101110|101012|112120,"(307, 724, 705)",011212,120002,101010,313231,202,121
23,22,1,"731,731,731","729,729,729",3,3,True,True,2,ambiguous,121101|101122|210002,"(816, 76, 260)",102222,012221,110001,322213,121,012
24,23,1,"732,732,731","729,729,729",3,3,True,True,1,survival selects,201010|021111|012220,"(406, 630, 462)",201011,210201,011110,123231,001,101
25,24,1,"732,733,733","729,729,729",6,6,True,True,0,ambiguous,001000|111212|121011,"(286, 353, 818)",200220,021201,011001,223122,101,120
