idx,p,q,q_epsilon_minus_p
0,0,1,0.04575749056067512540994419348976938159974
1,1,21,-0.03909269822582236639117193671484298640541
2,1,22,0.00666479233485275901877225677492639519433
3,6,131,-0.005768736551558571297310652840211010433762
4,7,153,0.0008960557832941877214616039347153847605676
5,48,1049,-0.0003924018517934449685410292319187018703571
6,103,2251,0.0001112520797072977843795454708779810198534
7,357,7802,-0.00005864561267155161540239281928475881079683
8,460,10053,0.00005260646703574616897715265159322220905658
9,817,17855,-0.00000603914563580544642524016769153660174025
10,6996,152893,0.000004293301949302597575231310060929395134584
11,7813,170748,-0.000001745843686502848850008857630607206605666
12,22622,494389,0.0000008016145762968998752135947997149819232521
13,53057,1159526,-0.0000001426145339090490995816680311772427591616
14,287907,6292019,0.00000008854190675165437730525464382876812744399
15,340964,7451545,-0.00000005407262715739472227641338734847463171764
