count,U6,w6
1944,114|227|227|556|669|443,011201
1944,114|227|227|885|998|885,011010
1944,227|114|227|669|443|556,101012
1944,227|114|227|998|885|885,101100
1944,227|227|114|443|556|669,110120
1944,227|227|114|885|885|998,110001
1944,443|556|669|227|227|114,120110
1944,443|669|556|885|998|885,102010
1944,556|443|669|998|885|885,210100
1944,556|669|443|114|227|227,201011
1944,669|443|556|227|114|227,012101
1944,669|556|443|885|885|998,021001
1944,885|885|998|227|227|114,001110
1944,885|885|998|669|556|443,001021
1944,885|998|885|114|227|227,010011
1944,885|998|885|443|669|556,010102
1944,998|885|885|227|114|227,100101
1944,998|885|885|556|443|669,100210
432,169|272|272|501|614|498,211010
432,169|272|272|830|943|830,211121
432,272|169|272|614|498|501,121100
432,272|169|272|943|830|830,121211
432,272|272|169|498|501|614,112001
432,272|272|169|830|830|943,112112
432,498|501|614|272|272|169,001112
432,498|614|501|830|943|830,010121
432,501|498|614|943|830|830,001211
432,501|614|498|169|272|272,010211
432,614|498|501|272|169|272,100121
432,614|501|498|830|830|943,100112
432,830|830|943|272|272|169,112112
432,830|830|943|614|501|498,112100
432,830|943|830|169|272|272,121211
432,830|943|830|498|614|501,121010
432,943|830|830|272|169|272,211121
432,943|830|830|501|498|614,211001
144,109|252|252|501|614|498,200010
144,109|252|252|521|674|418,200112
144,109|252|252|581|694|438,200120
144,109|252|252|810|923|870,200010
144,109|252|252|830|943|830,200121
144,109|252|252|850|903|850,200202
144,129|292|292|501|614|498,022010
144,129|292|292|521|634|458,022121
144,129|292|292|581|654|478,022102
144,129|292|292|810|983|810,022010
144,129|292|292|830|943|830,022121
144,129|292|292|850|963|890,022201
144,149|212|252|501|614|498,110010
144,149|212|252|561|634|418,110022
144,149|212|252|581|654|478,110102
144,149|212|252|810|983|810,110010
144,149|212|252|830|943|830,110121
144,149|212|252|890|963|850,110102
144,149|252|212|501|614|498,101010
144,149|252|212|521|634|458,101121
144,149|252|212|541|694|478,101222
144,149|252|212|830|943|830,101121
144,149|252|212|850|963|890,101201
144,149|252|212|870|923|810,101010
144,169|272|272|521|634|458,211121
144,169|272|272|521|674|418,211112
144,169|272|272|541|694|478,211222
144,169|272|272|561|634|418,211022
144,169|272|272|581|654|478,211102
144,169|272|272|581|694|438,211120
144,169|272|272|810|923|870,211010
144,169|272|272|810|983|810,211010
144,169|272|272|850|903|850,211202
144,169|272|272|850|963|890,211201
144,169|272|272|870|923|810,211010
144,169|272|272|890|963|850,211102
144,189|232|292|501|614|498,022010
144,189|232|292|521|674|418,022112
144,189|232|292|541|694|478,022222
144,189|232|292|830|943|830,022121
144,189|232|292|850|903|850,022202
144,189|232|292|870|923|810,022010
144,189|292|232|501|614|498,022010
144,189|292|232|561|634|418,022022
144,189|292|232|581|694|438,022120
144,189|292|232|810|923|870,022010
144,189|292|232|830|943|830,022121
144,189|292|232|890|963|850,022102
144,212|149|252|614|498|501,110100
144,212|149|252|634|458|521,110211
144,212|149|252|694|478|541,110222
144,212|149|252|923|810|870,110100
144,212|149|252|943|830|830,110211
144,212|149|252|963|890|850,110012
144,212|252|149|418|561|634,101202
144,212|252|149|478|581|654,101210
144,212|252|149|498|501|614,101001
144,212|252|149|810|810|983,101001
144,212|252|149|830|830|943,101112
144,212|252|149|850|890|963,101210
144,232|189|292|614|498|501,202100
144,232|189|292|634|418|561,202220
144,232|189|292|694|438|581,202201
144,232|189|292|923|870|810,202100
144,232|189|292|943|830|830,202211
144,232|189|292|963|850|890,202021
144,232|292|189|418|521|674,220211
144,232|292|189|478|541|694,220222
144,232|292|189|498|501|614,220001
144,232|292|189|810|870|923,220001
144,232|292|189|830|830|943,220112
144,232|292|189|850|850|903,220220
144,252|109|252|614|498|501,020100
144,252|109|252|674|418|521,020121
144,252|109|252|694|438|581,020201
144,252|109|252|903|850|850,020022
144,252|109|252|923|870|810,020100
144,252|109|252|943|830|830,020211
144,252|149|212|614|498|501,011100
144,252|149|212|634|418|561,011220
144,252|149|212|654|478|581,011021
144,252|149|212|943|830|830,011211
144,252|149|212|963|850|890,011021
144,252|149|212|983|810|810,011100
144,252|212|149|458|521|634,011112
144,252|212|149|478|541|694,011222
144,252|212|149|498|501|614,011001
144,252|212|149|810|870|923,011001
144,252|212|149|830|830|943,011112
144,252|212|149|890|850|963,011120
144,252|252|109|418|521|674,002211
144,252|252|109|438|581|694,002012
144,252|252|109|498|501|614,002001
144,252|252|109|830|830|943,002112
144,252|252|109|850|850|903,002220
144,252|252|109|870|810|923,002001
144,272|169|272|634|418|561,121220
144,272|169|272|634|458|521,121211
144,272|169|272|654|478|581,121021
144,272|169|272|674|418|521,121121
144,272|169|272|694|438|581,121201
144,272|169|272|694|478|541,121222
144,272|169|272|903|850|850,121022
144,272|169|272|923|810|870,121100
144,272|169|272|923|870|810,121100
144,272|169|272|963|850|890,121021
144,272|169|272|963|890|850,121012
144,272|169|272|983|810|810,121100
144,272|272|169|418|521|674,112211
144,272|272|169|418|561|634,112202
144,272|272|169|438|581|694,112012
144,272|272|169|458|521|634,112112
144,272|272|169|478|541|694,112222
144,272|272|169|478|581|654,112210
144,272|272|169|810|810|983,112001
144,272|272|169|810|870|923,112001
144,272|272|169|850|850|903,112220
144,272|272|169|850|890|963,112210
144,272|272|169|870|810|923,112001
144,272|272|169|890|850|963,112120
144,292|129|292|614|498|501,202100
144,292|129|292|634|458|521,202211
144,292|129|292|654|478|581,202021
144,292|129|292|943|830|830,202211
144,292|129|292|963|890|850,202012
144,292|129|292|983|810|810,202100
144,292|189|232|614|498|501,202100
144,292|189|232|674|418|521,202121
144,292|189|232|694|478|541,202222
144,292|189|232|903|850|850,202022
144,292|189|232|923|810|870,202100
144,292|189|232|943|830|830,202211
144,292|232|189|418|561|634,220202
144,292|232|189|438|581|694,220012
144,292|232|189|498|501|614,220001
144,292|232|189|830|830|943,220112
144,292|232|189|850|890|963,220210
144,292|232|189|870|810|923,220001
144,292|292|129|458|521|634,220112
144,292|292|129|478|581|654,220210
144,292|292|129|498|501|614,220001
144,292|292|129|810|810|983,220001
144,292|292|129|830|830|943,220112
144,292|292|129|890|850|963,220120
144,418|521|674|232|292|189,211220
144,418|521|674|252|252|109,211002
144,418|521|674|272|272|169,211112
144,418|561|634|212|252|149,202101
144,418|561|634|272|272|169,202112
144,418|561|634|292|232|189,202220
144,418|634|561|810|923|870,220010
144,418|634|561|830|943|830,220121
144,418|634|561|890|963|850,220102
144,418|674|521|830|943|830,211121
144,418|674|521|850|903|850,211202
144,418|674|521|870|923|810,211010
144,438|581|694|252|252|109,012002
144,438|581|694|272|272|169,012112
144,438|581|694|292|232|189,012220
144,438|694|581|810|923|870,021010
144,438|694|581|830|943|830,021121
144,438|694|581|850|903|850,021202
144,458|521|634|252|212|149,112011
144,458|521|634|272|272|169,112112
144,458|521|634|292|292|129,112220
144,458|634|521|810|983|810,121010
144,458|634|521|830|943|830,121121
144,458|634|521|850|963|890,121201
144,478|541|694|232|292|189,222220
144,478|541|694|252|212|149,222011
144,478|541|694|272|272|169,222112
144,478|581|654|212|252|149,210101
144,478|581|654|272|272|169,210112
144,478|581|654|292|292|129,210220
144,478|654|581|810|983|810,201010
144,478|654|581|830|943|830,201121
144,478|654|581|890|963|850,201102
144,478|694|541|830|943|830,222121
144,478|694|541|850|963|890,222201
144,478|694|541|870|923|810,222010
144,498|501|614|212|252|149,001101
144,498|501|614|232|292|189,001220
144,498|501|614|252|212|149,001011
144,498|501|614|252|252|109,001002
144,498|501|614|292|232|189,001220
144,498|501|614|292|292|129,001220
144,498|614|501|810|923|870,010010
144,498|614|501|810|983|810,010010
144,498|614|501|850|903|850,010202
144,498|614|501|850|963|890,010201
144,498|614|501|870|923|810,010010
144,498|614|501|890|963|850,010102
144,501|498|614|903|850|850,001022
144,501|498|614|923|810|870,001100
144,501|498|614|923|870|810,001100
144,501|498|614|963|850|890,001021
144,501|498|614|963|890|850,001012
144,501|498|614|983|810|810,001100
144,501|614|498|109|252|252,010200
144,501|614|498|129|292|292,010022
144,501|614|498|149|212|252,010110
144,501|614|498|149|252|212,010101
144,501|614|498|189|232|292,010022
144,501|614|498|189|292|232,010022
144,521|418|674|903|850|850,121022
144,521|418|674|923|810|870,121100
144,521|418|674|943|830|830,121211
144,521|458|634|943|830|830,112211
144,521|458|634|963|890|850,112012
144,521|458|634|983|810|810,112100
144,521|634|458|129|292|292,121022
144,521|634|458|149|252|212,121101
144,521|634|458|169|272|272,121211
144,521|674|418|109|252|252,112200
144,521|674|418|169|272|272,112211
144,521|674|418|189|232|292,112022
144,541|478|694|923|810|870,222100
144,541|478|694|943|830|830,222211
144,541|478|694|963|890|850,222012
144,541|694|478|149|252|212,222101
144,541|694|478|169|272|272,222211
144,541|694|478|189|232|292,222022
144,561|418|634|923|870|810,022100
144,561|418|634|943|830|830,022211
144,561|418|634|963|850|890,022021
144,561|634|418|149|212|252,022110
144,561|634|418|169|272|272,022211
144,561|634|418|189|292|232,022022
144,581|438|694|903|850|850,102022
144,581|438|694|923|870|810,102100
144,581|438|694|943|830|830,102211
144,581|478|654|943|830|830,120211
144,581|478|654|963|850|890,120021
144,581|478|654|983|810|810,120100
144,581|654|478|129|292|292,102022
144,581|654|478|149|212|252,102110
144,581|654|478|169|272|272,102211
144,581|694|438|109|252|252,120200
144,581|694|438|169|272|272,120211
144,581|694|438|189|292|232,120022
144,614|498|501|212|149|252,100110
144,614|498|501|232|189|292,100202
144,614|498|501|252|109|252,100020
144,614|498|501|252|149|212,100011
144,614|498|501|292|129|292,100202
144,614|498|501|292|189|232,100202
144,614|501|498|810|810|983,100001
144,614|501|498|810|870|923,100001
144,614|501|498|850|850|903,100220
144,614|501|498|850|890|963,100210
144,614|501|498|870|810|923,100001
144,614|501|498|890|850|963,100120
144,634|418|561|232|189|292,220202
144,634|418|561|252|149|212,220011
144,634|418|561|272|169|272,220121
144,634|458|521|212|149|252,211110
144,634|458|521|272|169|272,211121
144,634|458|521|292|129|292,211202
144,634|521|458|810|810|983,211001
144,634|521|458|830|830|943,211112
144,634|521|458|890|850|963,211120
144,634|561|418|830|830|943,202112
144,634|561|418|850|890|963,202210
144,634|561|418|870|810|923,202001
144,654|478|581|252|149|212,021011
144,654|478|581|272|169|272,021121
144,654|478|581|292|129|292,021202
144,654|581|478|810|810|983,012001
144,654|581|478|830|830|943,012112
144,654|581|478|850|890|963,012210
144,674|418|521|252|109|252,121020
144,674|418|521|272|169|272,121121
144,674|418|521|292|189|232,121202
144,674|521|418|810|870|923,112001
144,674|521|418|830|830|943,112112
144,674|521|418|850|850|903,112220
144,694|438|581|232|189|292,201202
144,694|438|581|252|109|252,201020
144,694|438|581|272|169|272,201121
144,694|478|541|212|149|252,222110
144,694|478|541|272|169|272,222121
144,694|478|541|292|189|232,222202
144,694|541|478|810|870|923,222001
144,694|541|478|830|830|943,222112
144,694|541|478|890|850|963,222120
144,694|581|438|830|830|943,210112
144,694|581|438|850|850|903,210220
144,694|581|438|870|810|923,210001
144,810|810|983|212|252|149,001101
144,810|810|983|272|272|169,001112
144,810|810|983|292|292|129,001220
144,810|810|983|614|501|498,001100
144,810|810|983|634|521|458,001211
144,810|810|983|654|581|478,001012
144,810|870|923|232|292|189,001220
144,810|870|923|252|212|149,001011
144,810|870|923|272|272|169,001112
144,810|870|923|614|501|498,001100
144,810|870|923|674|521|418,001112
144,810|870|923|694|541|478,001222
144,810|923|870|109|252|252,010200
144,810|923|870|169|272|272,010211
144,810|923|870|189|292|232,010022
144,810|923|870|418|634|561,010220
144,810|923|870|438|694|581,010021
144,810|923|870|498|614|501,010010
144,810|983|810|129|292|292,010022
144,810|983|810|149|212|252,010110
144,810|983|810|169|272|272,010211
144,810|983|810|458|634|521,010121
144,810|983|810|478|654|581,010201
144,810|983|810|498|614|501,010010
144,830|830|943|212|252|149,112101
144,830|830|943|232|292|189,112220
144,830|830|943|252|212|149,112011
144,830|830|943|252|252|109,112002
144,830|830|943|292|232|189,112220
144,830|830|943|292|292|129,112220
144,830|830|943|634|521|458,112211
144,830|830|943|634|561|418,112202
144,830|830|943|654|581|478,112012
144,830|830|943|674|521|418,112112
144,830|830|943|694|541|478,112222
144,830|830|943|694|581|438,112210
144,830|943|830|109|252|252,121200
144,830|943|830|129|292|292,121022
144,830|943|830|149|212|252,121110
144,830|943|830|149|252|212,121101
144,830|943|830|189|232|292,121022
144,830|943|830|189|292|232,121022
144,830|943|830|418|634|561,121220
144,830|943|830|418|674|521,121211
144,830|943|830|438|694|581,121021
144,830|943|830|458|634|521,121121
144,830|943|830|478|654|581,121201
144,830|943|830|478|694|541,121222
144,850|850|903|232|292|189,220220
144,850|850|903|252|252|109,220002
144,850|850|903|272|272|169,220112
144,850|850|903|614|501|498,220100
144,850|850|903|674|521|418,220112
144,850|850|903|694|581|438,220210
144,850|890|963|212|252|149,210101
144,850|890|963|272|272|169,210112
144,850|890|963|292|232|189,210220
144,850|890|963|614|501|498,210100
144,850|890|963|634|561|418,210202
144,850|890|963|654|581|478,210012
144,850|903|850|109|252|252,202200
144,850|903|850|169|272|272,202211
144,850|903|850|189|232|292,202022
144,850|903|850|418|674|521,202211
144,850|903|850|438|694|581,202021
144,850|903|850|498|614|501,202010
144,850|963|890|129|292|292,201022
144,850|963|890|149|252|212,201101
144,850|963|890|169|272|272,201211
144,850|963|890|458|634|521,201121
144,850|963|890|478|694|541,201222
144,850|963|890|498|614|501,201010
144,870|810|923|252|252|109,001002
144,870|810|923|272|272|169,001112
144,870|810|923|292|232|189,001220
144,870|810|923|614|501|498,001100
144,870|810|923|634|561|418,001202
144,870|810|923|694|581|438,001210
144,870|923|810|149|252|212,010101
144,870|923|810|169|272|272,010211
144,870|923|810|189|232|292,010022
144,870|923|810|418|674|521,010211
144,870|923|810|478|694|541,010222
144,870|923|810|498|614|501,010010
144,890|850|963|252|212|149,120011
144,890|850|963|272|272|169,120112
144,890|850|963|292|292|129,120220
144,890|850|963|614|501|498,120100
144,890|850|963|634|521|458,120211
144,890|850|963|694|541|478,120222
144,890|963|850|149|212|252,102110
144,890|963|850|169|272|272,102211
144,890|963|850|189|292|232,102022
144,890|963|850|418|634|561,102220
144,890|963|850|478|654|581,102201
144,890|963|850|498|614|501,102010
144,903|850|850|252|109|252,022020
144,903|850|850|272|169|272,022121
144,903|850|850|292|189|232,022202
144,903|850|850|501|498|614,022001
144,903|850|850|521|418|674,022121
144,903|850|850|581|438|694,022102
144,923|810|870|212|149|252,100110
144,923|810|870|272|169|272,100121
144,923|810|870|292|189|232,100202
144,923|810|870|501|498|614,100001
144,923|810|870|521|418|674,100121
144,923|810|870|541|478|694,100222
144,923|870|810|232|189|292,100202
144,923|870|810|252|109|252,100020
144,923|870|810|272|169|272,100121
144,923|870|810|501|498|614,100001
144,923|870|810|561|418|634,100022
144,923|870|810|581|438|694,100102
144,943|830|830|212|149|252,211110
144,943|830|830|232|189|292,211202
144,943|830|830|252|109|252,211020
144,943|830|830|252|149|212,211011
144,943|830|830|292|129|292,211202
144,943|830|830|292|189|232,211202
144,943|830|830|521|418|674,211121
144,943|830|830|521|458|634,211112
144,943|830|830|541|478|694,211222
144,943|830|830|561|418|634,211022
144,943|830|830|581|438|694,211102
144,943|830|830|581|478|654,211120
144,963|850|890|232|189|292,021202
144,963|850|890|252|149|212,021011
144,963|850|890|272|169|272,021121
144,963|850|890|501|498|614,021001
144,963|850|890|561|418|634,021022
144,963|850|890|581|478|654,021120
144,963|890|850|212|149|252,012110
144,963|890|850|272|169|272,012121
144,963|890|850|292|129|292,012202
144,963|890|850|501|498|614,012001
144,963|890|850|521|458|634,012112
144,963|890|850|541|478|694,012222
144,983|810|810|252|149|212,100011
144,983|810|810|272|169|272,100121
144,983|810|810|292|129|292,100202
144,983|810|810|501|498|614,100001
144,983|810|810|521|458|634,100112
144,983|810|810|581|478|654,100120
