id,name,internal_table,internal_source_id,external_value_verbatim,external_display_verbatim,external_unit_verbatim,external_id_verbatim,external_source_verbatim,external_scheme_verbatim,external_scale_verbatim,source_scalarization_status_verbatim,source_comparison_status_verbatim,source_owner_verbatim,recalculated_delta_ppm_informative,hmt_value_verbatim,hmt_unit,type,condition,source_evaluation_status_verbatim,comparison_type,source_assignment_status_verbatim,source_proof_strength_verbatim,source_reference_locator_verbatim
SM-LC-1,e− / e+,clases,SM-LC-1,0.51099895069000001,0.51099895069+-0.00000000016,MeV,PDG2026:observable:S003:S003M:332838,Particle Data Group (PDG),UNAVAILABLE_IN_SNAPSHOT,UNAVAILABLE_IN_SNAPSHOT,CLOSED_ELECTRON_TWO_WAY,REFINED_SCALAR_COMPARED_AFTER_INTERNAL_FREEZE,md/06f_biografia_electron_rev6.tex + md/06k_electron_two_way_rev11.tex,1.5628373719485727274529841960961243269948641839915726697621844779688216826662134223017403694267000000E-9,0.51099895069000080860825716483792,MeV/c^2,ELECTRON_BETA,Ruta central y lectores bidireccionales,m_e^beta=e_0 R_act^(80-54 alpha_HMT+6 Delta4),DOCUMENTED_COORDINATE_DIFFERENCE_NOT_GLOBAL_INFERENCE,,,
SM-LC-2,μ− / μ+,clases,SM-LC-2,105.65837550000001,105.6583755+-0.0000023,MeV,PDG2026:observable:S004:S004M:332849,Particle Data Group (PDG),UNAVAILABLE_IN_SNAPSHOT,UNAVAILABLE_IN_SNAPSHOT,OPEN_PHYSICAL_SCALARIZATION,EXTERNAL_VALUE_RECORDED; INTERNAL_OUTPUT_REMAINS_OPERATORIAL,md/05f_operadores_masa_two_way_rev11.tex + md/06i_inventario_fisico_23_sectores_rev11.tex,-0.14391253044295181535322201000164211335082636086379401824298382246880603524157753916949611334337246463759000000,105.6583602944358293034143258772993028635884387447251121336137575653564072253724619409424660030690948,MeV/c^2,SIGNATURE_CONDITIONED,"(42,-3,8,0,2)",EVALUACION_BETA_E3_CON_FIRMA_DECLARADA,DOCUMENTED_COORDINATE_DIFFERENCE_NOT_GLOBAL_INFERENCE,COINDEXACION_FISICA_RECUPERADA,EXACTO_CONDICIONADO_A_LA_FIRMA,AR008_MASAS_VERSIONADAS.csv:m_ref_PDG2026_MeV
SM-LC-3,τ− / τ+,clases,SM-LC-3,1776.9324651340901,1776.93+-0.09,MeV,PDG2026:observable:S035:S035M:332893,Particle Data Group (PDG),UNAVAILABLE_IN_SNAPSHOT,UNAVAILABLE_IN_SNAPSHOT,OPEN_PHYSICAL_SCALARIZATION,EXTERNAL_VALUE_RECORDED; INTERNAL_OUTPUT_REMAINS_OPERATORIAL,md/05f_operadores_masa_two_way_rev11.tex + md/06i_inventario_fisico_23_sectores_rev11.tex,-40.264615601136714185610304122609018335969179524427546572505856036439168199509969921937743219670071038912620000,1776.860917631432295595327745032647192790576205032134059491075666425843573051542183405646746196546305,MeV/c^2,SIGNATURE_CONDITIONED,"(64,0,25,-1,6)",EVALUACION_BETA_E3_CON_FIRMA_DECLARADA,DOCUMENTED_COORDINATE_DIFFERENCE_NOT_GLOBAL_INFERENCE,COINDEXACION_FISICA_RECUPERADA,EXACTO_CONDICIONADO_A_LA_FIRMA,AR008_MASAS_VERSIONADAS.csv:m_ref_PDG2026_MeV
SM-Q-U1,u / anti-u,clases,SM-Q-U1,2.1600000000000001,2.16+-0.07,MeV,PDG2026:observable:Q002:Q002M:333588,Particle Data Group (PDG),UNAVAILABLE_IN_SNAPSHOT,UNAVAILABLE_IN_SNAPSHOT,OPEN_FLAVOR_COLOR_SCALARIZATION,EXTERNAL_VALUE_RECORDED; INTERNAL_OUTPUT_REMAINS_OPERATORIAL,md/05f_operadores_masa_two_way_rev11.tex + md/06i_inventario_fisico_23_sectores_rev11.tex,,2.1659245361739076629069774344552,MeV/c^2,ANGULAR_CONDITIONED,"firma angular condicionada (11,7)",INHERITED_CONDITIONED_COINDEXATION; NON_ELECTRONIC_ABRIDGED_CANTERA; NO_ROUTE_SELECTOR; NO_PROSPECTIVE_HMT_OUTPUT,REFERENCE_ONLY_SCHEME_AND_SCALE_NOT_SUPPLIED_IN_CUT,,,
SM-Q-D1,d / anti-d,clases,SM-Q-D1,4.7000000000000002,4.70+-0.07,MeV,PDG2026:observable:Q001:Q001M:333589,Particle Data Group (PDG),UNAVAILABLE_IN_SNAPSHOT,UNAVAILABLE_IN_SNAPSHOT,OPEN_FLAVOR_COLOR_SCALARIZATION,EXTERNAL_VALUE_RECORDED; INTERNAL_OUTPUT_REMAINS_OPERATORIAL,md/05f_operadores_masa_two_way_rev11.tex + md/06i_inventario_fisico_23_sectores_rev11.tex,,4.6795501629488741723404625620718,MeV/c^2,ANGULAR_CONDITIONED,"firma angular condicionada (17,8)",INHERITED_CONDITIONED_COINDEXATION; NON_ELECTRONIC_ABRIDGED_CANTERA; NO_ROUTE_SELECTOR; NO_PROSPECTIVE_HMT_OUTPUT,REFERENCE_ONLY_SCHEME_AND_SCALE_NOT_SUPPLIED_IN_CUT,,,
SM-Q-U2,c / anti-c,clases,SM-Q-U2,1.2728999999999999,1.2729+-0.0045,GeV,PDG2026:observable:Q004:Q004M:333604,Particle Data Group (PDG),UNAVAILABLE_IN_SNAPSHOT,UNAVAILABLE_IN_SNAPSHOT,OPEN_FLAVOR_COLOR_SCALARIZATION,EXTERNAL_VALUE_RECORDED; INTERNAL_OUTPUT_REMAINS_OPERATORIAL,md/05f_operadores_masa_two_way_rev11.tex + md/06i_inventario_fisico_23_sectores_rev11.tex,,1270.5008386419111352862199391226,MeV/c^2,ANGULAR_CONDITIONED,"firma angular condicionada (61,8)",INHERITED_CONDITIONED_COINDEXATION; NON_ELECTRONIC_ABRIDGED_CANTERA; NO_ROUTE_SELECTOR; NO_PROSPECTIVE_HMT_OUTPUT,REFERENCE_ONLY_SCHEME_AND_SCALE_NOT_SUPPLIED_IN_CUT,,,
SM-Q-D2,s / anti-s,clases,SM-Q-D2,92.900000000000006,92.9 +-0.7,MeV,PDG2026:observable:Q003:Q003M:333590,Particle Data Group (PDG),UNAVAILABLE_IN_SNAPSHOT,UNAVAILABLE_IN_SNAPSHOT,OPEN_FLAVOR_COLOR_SCALARIZATION,EXTERNAL_VALUE_RECORDED; INTERNAL_OUTPUT_REMAINS_OPERATORIAL,md/05f_operadores_masa_two_way_rev11.tex + md/06i_inventario_fisico_23_sectores_rev11.tex,,92.940093907845640641019594846722,MeV/c^2,ANGULAR_CONDITIONED,"firma angular condicionada (41,-3)",INHERITED_CONDITIONED_COINDEXATION; NON_ELECTRONIC_ABRIDGED_CANTERA; NO_ROUTE_SELECTOR; NO_PROSPECTIVE_HMT_OUTPUT,REFERENCE_ONLY_SCHEME_AND_SCALE_NOT_SUPPLIED_IN_CUT,,,
SM-Q-U3,t / anti-t,clases,SM-Q-U3,172.60355958747431,172.60+-0.27,GeV,PDG2026:observable:Q007:Q007TP:333614,Particle Data Group (PDG),UNAVAILABLE_IN_SNAPSHOT,UNAVAILABLE_IN_SNAPSHOT,OPEN_FLAVOR_COLOR_SCALARIZATION,EXTERNAL_VALUE_RECORDED; INTERNAL_OUTPUT_REMAINS_OPERATORIAL,md/05f_operadores_masa_two_way_rev11.tex + md/06i_inventario_fisico_23_sectores_rev11.tex,,172597.47954401913626136689748338,MeV/c^2,ANGULAR_CONDITIONED,"firma angular condicionada (100,-1)",INHERITED_CONDITIONED_COINDEXATION; NON_ELECTRONIC_ABRIDGED_CANTERA; NO_ROUTE_SELECTOR; NO_PROSPECTIVE_HMT_OUTPUT,REFERENCE_ONLY_SCHEME_AND_SCALE_NOT_SUPPLIED_IN_CUT,,,
SM-Q-D3,b / anti-b,clases,SM-Q-D3,4.1859999999999999,4.186+-0.006,GeV,PDG2026:observable:Q005:Q005M:333611,Particle Data Group (PDG),UNAVAILABLE_IN_SNAPSHOT,UNAVAILABLE_IN_SNAPSHOT,OPEN_FLAVOR_COLOR_SCALARIZATION,EXTERNAL_VALUE_RECORDED; INTERNAL_OUTPUT_REMAINS_OPERATORIAL,md/05f_operadores_masa_two_way_rev11.tex + md/06i_inventario_fisico_23_sectores_rev11.tex,,4190.1197632997902180746731891276,MeV/c^2,ANGULAR_CONDITIONED,"firma angular condicionada (71,-5)",INHERITED_CONDITIONED_COINDEXATION; NON_ELECTRONIC_ABRIDGED_CANTERA; NO_ROUTE_SELECTOR; NO_PROSPECTIVE_HMT_OUTPUT,REFERENCE_ONLY_SCHEME_AND_SCALE_NOT_SUPPLIED_IN_CUT,,,
SM-GA-EM,γ,clases,SM-GA-EM,1.0000000000000001e-18,<1 E-18,eV,PDG2026:observable:S000:S000M:332461,Particle Data Group (PDG),UNAVAILABLE_IN_SNAPSHOT,UNAVAILABLE_IN_SNAPSHOT,CLOSED_NULL_CHART,HMT_NULL_VALUE_SATISFIES_EXTERNAL_UPPER_LIMIT; NO_SYMMETRIC_RESIDUAL,md/06i_inventario_fisico_23_sectores_rev11.tex,,0,MeV/c^2,NULL_SECTOR,Carta nula de calibre,m_HMT=0 in the null chart; kappa=N/A,NULL_OUTPUT_WITH_LIMIT_OR_NO_REFERENCE,,,
SM-GA-GL,g,clases,SM-GA-GL,,,,,,,,CLOSED_NULL_CHART,HMT_NULL_VALUE; NO_INDEPENDENT_MASS_RECORD_IN_FROZEN_SNAPSHOT,md/06i_inventario_fisico_23_sectores_rev11.tex,,0,MeV/c^2,NULL_SECTOR,Carta nula de calibre,m_HMT=0 in the null chart; kappa=N/A,NULL_OUTPUT_WITH_LIMIT_OR_NO_REFERENCE,,,
SM-GA-W,W+ / W−,clases,SM-GA-W,80.362499999999997,80.3625 +-0.0077,GeV,PDG2026:observable:S043:S043M:332464,Particle Data Group (PDG),UNAVAILABLE_IN_SNAPSHOT,UNAVAILABLE_IN_SNAPSHOT,OPEN_ROUTE_AND_SCALARIZATION,EXTERNAL_VALUE_RECORDED; INTERNAL_OUTPUT_REMAINS_OPERATORIAL,md/06i_inventario_fisico_23_sectores_rev11.tex,204.88299523471800255155161814816084039192528340391520664917652782957655377664964300809138674280664519239890000,80378.96490970454702486540008120927756788134124114306461461856859850595872585534642344750808273716987,MeV/c^2,SIGNATURE_CONDITIONED,"(94,-1,0,-2,4)",EVALUACION_BETA_E3_CON_FIRMA_DECLARADA,ARITHMETIC_DIFFERENCE_ONLY_RESONANCE_CONVENTION_NOT_RESOLVED_HERE,COINDEXACION_FISICA_RECUPERADA,EXACTO_CONDICIONADO_A_LA_FIRMA,AR008_MASAS_VERSIONADAS.csv:m_ref_PDG2026_MeV
SM-GA-Z,Z0,clases,SM-GA-Z,91.187873297221344,91.1879+-0.0020,GeV,PDG2026:observable:S044:S044M:332513,Particle Data Group (PDG),UNAVAILABLE_IN_SNAPSHOT,UNAVAILABLE_IN_SNAPSHOT,OPEN_ROUTE_AND_SCALARIZATION,EXTERNAL_VALUE_RECORDED; INTERNAL_OUTPUT_REMAINS_OPERATORIAL,md/06i_inventario_fisico_23_sectores_rev11.tex,-3.7269528901987350701301263747598453230879155094002511398068753882362598593929484836153759082806547475408600000,91187.53344431340784485461477547802043840318264628853377511503279812485975483861457501163851534840552,MeV/c^2,SIGNATURE_CONDITIONED,"(95,-1,-11,0,-4)",EVALUACION_BETA_E3_CON_FIRMA_DECLARADA,ARITHMETIC_DIFFERENCE_ONLY_RESONANCE_CONVENTION_NOT_RESOLVED_HERE,COINDEXACION_FISICA_RECUPERADA,EXACTO_CONDICIONADO_A_LA_FIRMA,AR008_MASAS_VERSIONADAS.csv:m_ref_PDG2026_MeV
SM-H-1,H,clases,SM-H-1,125.13094382816151,125.13+-0.11,GeV,PDG2026:observable:S126:S126M:332733,Particle Data Group (PDG),UNAVAILABLE_IN_SNAPSHOT,UNAVAILABLE_IN_SNAPSHOT,OPEN_ROUTE_AND_SCALARIZATION,EXTERNAL_VALUE_RECORDED; INTERNAL_OUTPUT_REMAINS_OPERATORIAL,md/06i_inventario_fisico_23_sectores_rev11.tex,1290.8255099269170934416343999786284551995671511319076111509939117832752528425840590065224186093546338544317000,125292.46604253613300043276647768,MeV/c^2,ANGULAR_CONDITIONED,"firma angular condicionada (97,9)",INHERITED_CONDITIONED_COINDEXATION; NON_ELECTRONIC_ABRIDGED_CANTERA; NO_ROUTE_SELECTOR; NO_PROSPECTIVE_HMT_OUTPUT,ARITHMETIC_DIFFERENCE_ONLY_RESONANCE_CONVENTION_NOT_RESOLVED_HERE,,,
CMP-PI0,pion_neutral,evaluaciones_e3,E3B-002,134.976827767685,134.976827767685,MeV,,,,,,,,-0.76635237755250677332760288792282475933621658796533494902613559589487177207203929155099483477319058824181000000,134.9767243278721257393848788357683901396700927251334006492712560773168512270776992942846639953249746,MeV/c^2,COMPOSITE_SIGNATURE_CONDITIONED,"(44,-4,-25,1,-2)",EVALUACION_BETA_E3_CON_FIRMA_DECLARADA,DOCUMENTED_COMPOSITE_REFERENCE_METADATA_NOT_COMPLETED_HERE,FIRMA_COMPUESTA_RECUPERADA,EXACTO_CONDICIONADO_A_LA_FIRMA,AR008_MASAS_VERSIONADAS.csv:m_ref_PDG2026_MeV
CMP-PIPM,pion_charged,evaluaciones_e3,E3B-003,139.570390983681,139.570390983681,MeV,,,,,,,,0.6748414941560740680842276908506821774248413708207717872312297311917146976280243965254609273782072937940000000,139.5704851715721913747343643433070279903224329242007850351229352073661974260783250725454300058929625,MeV/c^2,COMPOSITE_SIGNATURE_CONDITIONED,"(44,1,-2,2,-1)",EVALUACION_BETA_E3_CON_FIRMA_DECLARADA,DOCUMENTED_COMPOSITE_REFERENCE_METADATA_NOT_COMPLETED_HERE,FIRMA_COMPUESTA_RECUPERADA,EXACTO_CONDICIONADO_A_LA_FIRMA,AR008_MASAS_VERSIONADAS.csv:m_ref_PDG2026_MeV
CMP-KPM,kaon_charged,evaluaciones_e3,E3B-004,493.676599458041,493.676599458041,MeV,,,,,,,,0.9848380298888332096263862636260782526007490106776574626408476931268647761479736797602785247439331517672000000,493.6770856495306124757230549194834577193100293531853434602990433081494653427964291502358971634496394,MeV/c^2,COMPOSITE_SIGNATURE_CONDITIONED,"(54,-1,17,-2,2)",EVALUACION_BETA_E3_CON_FIRMA_DECLARADA,DOCUMENTED_COMPOSITE_REFERENCE_METADATA_NOT_COMPLETED_HERE,FIRMA_COMPUESTA_RECUPERADA,EXACTO_CONDICIONADO_A_LA_FIRMA,AR008_MASAS_VERSIONADAS.csv:m_ref_PDG2026_MeV
CMP-K0,kaon_neutral,evaluaciones_e3,E3B-005,497.610767531258,497.610767531258,MeV,,,,,,,,0.8419562433022325836623544992031757660372788301901815616474658958805543982908374912430995463616514173999000000,497.6111864977504573585586728733693056883083113036203972316795298287641331742514324387016170282926452,MeV/c^2,COMPOSITE_SIGNATURE_CONDITIONED,"(54,0,32,3,-2)",EVALUACION_BETA_E3_CON_FIRMA_DECLARADA,DOCUMENTED_COMPOSITE_REFERENCE_METADATA_NOT_COMPLETED_HERE,FIRMA_COMPUESTA_RECUPERADA,EXACTO_CONDICIONADO_A_LA_FIRMA,AR008_MASAS_VERSIONADAS.csv:m_ref_PDG2026_MeV
CMP-P,proton,evaluaciones_e3,E3B-006,938.27208943,938.27208943,MeV,,,,,,,,-0.36011197488242977460366710438136008321884878616589804832051367750975876971786048923517977174963444761241000000,938.2717515469848982989367873733158319433671730520694449035595899525294720254399215568271760658528988,MeV/c^2,COMPOSITE_SIGNATURE_CONDITIONED,"(59,0,9,1,0)",EVALUACION_BETA_E3_CON_FIRMA_DECLARADA,DOCUMENTED_COMPOSITE_REFERENCE_METADATA_NOT_COMPLETED_HERE,FIRMA_COMPUESTA_RECUPERADA,EXACTO_CONDICIONADO_A_LA_FIRMA,AR008_MASAS_VERSIONADAS.csv:m_ref_PDG2026_MeV
CMP-N,neutron,evaluaciones_e3,E3B-007,939.56542194,939.56542194,MeV,,,,,,,,0.4135236333208993747230635474417600387126808662066291458101861526804552273088730420758911216871638634028000000,939.5658104725070233126644319573726015504783493107324859962006082493356931571776377399104839260152495,MeV/c^2,COMPOSITE_SIGNATURE_CONDITIONED,"(59,1,-34,0,1)",EVALUACION_BETA_E3_CON_FIRMA_DECLARADA,DOCUMENTED_COMPOSITE_REFERENCE_METADATA_NOT_COMPLETED_HERE,FIRMA_COMPUESTA_RECUPERADA,EXACTO_CONDICIONADO_A_LA_FIRMA,AR008_MASAS_VERSIONADAS.csv:m_ref_PDG2026_MeV
