ordinal,candidate_id,pdf_page,printed_page
1,r1c1_h-1v-1,24,24
2,r1c1_h-1v+1,25,25
3,r1c1_h+1v-1,27,27
4,r1c1_h+1v+1,28,28
5,r1c2_h-1v-1,30,30
6,r1c2_h-1v+1,31,31
7,r1c2_h+1v-1,33,33
8,r1c2_h+1v+1,34,34
9,r1c3_h-1v-1,36,36
10,r1c3_h-1v+1,37,37
11,r1c3_h+1v-1,39,39
12,r1c3_h+1v+1,40,40
13,r1c4_h-1v-1,42,42
14,r1c4_h-1v+1,43,43
15,r1c4_h+1v-1,45,45
16,r1c4_h+1v+1,46,46
17,r1c5_h-1v-1,48,48
18,r1c5_h-1v+1,49,49
19,r1c5_h+1v-1,51,51
20,r1c5_h+1v+1,52,52
21,r1c6_h-1v-1,54,54
22,r1c6_h-1v+1,55,55
23,r1c6_h+1v-1,57,57
24,r1c6_h+1v+1,58,58
25,r1c7_h-1v-1,60,60
26,r1c7_h-1v+1,61,61
27,r1c7_h+1v-1,63,63
28,r1c7_h+1v+1,64,64
29,r1c8_h-1v-1,66,66
30,r1c8_h-1v+1,67,67
31,r1c8_h+1v-1,69,69
32,r1c8_h+1v+1,70,70
33,r1c9_h-1v-1,72,72
34,r1c9_h-1v+1,73,73
35,r1c9_h+1v-1,75,75
36,r1c9_h+1v+1,76,76
37,r2c1_h-1v-1,78,78
38,r2c1_h-1v+1,79,79
39,r2c1_h+1v-1,81,81
40,r2c1_h+1v+1,82,82
41,r2c2_h-1v-1,84,84
42,r2c2_h-1v+1,85,85
43,r2c2_h+1v-1,87,87
44,r2c2_h+1v+1,88,88
45,r2c3_h-1v-1,90,90
46,r2c3_h-1v+1,91,91
47,r2c3_h+1v-1,93,93
48,r2c3_h+1v+1,94,94
49,r2c4_h-1v-1,96,96
50,r2c4_h-1v+1,97,97
51,r2c4_h+1v-1,99,99
52,r2c4_h+1v+1,100,100
53,r2c5_h-1v-1,102,102
54,r2c5_h-1v+1,103,103
55,r2c5_h+1v-1,105,105
56,r2c5_h+1v+1,106,106
57,r2c6_h-1v-1,108,108
58,r2c6_h-1v+1,109,109
59,r2c6_h+1v-1,111,111
60,r2c6_h+1v+1,112,112
61,r2c7_h-1v-1,114,114
62,r2c7_h-1v+1,115,115
63,r2c7_h+1v-1,117,117
64,r2c7_h+1v+1,118,118
65,r2c8_h-1v-1,120,120
66,r2c8_h-1v+1,121,121
67,r2c8_h+1v-1,123,123
68,r2c8_h+1v+1,124,124
69,r2c9_h-1v-1,126,126
70,r2c9_h-1v+1,127,127
71,r2c9_h+1v-1,129,129
72,r2c9_h+1v+1,130,130
73,r3c1_h-1v-1,132,132
74,r3c1_h-1v+1,133,133
75,r3c1_h+1v-1,135,135
76,r3c1_h+1v+1,136,136
77,r3c2_h-1v-1,138,138
78,r3c2_h-1v+1,139,139
79,r3c2_h+1v-1,141,141
80,r3c2_h+1v+1,142,142
81,r3c3_h-1v-1,144,144
82,r3c3_h-1v+1,145,145
83,r3c3_h+1v-1,147,147
84,r3c3_h+1v+1,148,148
85,r3c4_h-1v-1,150,150
86,r3c4_h-1v+1,151,151
87,r3c4_h+1v-1,153,153
88,r3c4_h+1v+1,154,154
89,r3c5_h-1v-1,156,156
90,r3c5_h-1v+1,157,157
91,r3c5_h+1v-1,159,159
92,r3c5_h+1v+1,160,160
93,r3c6_h-1v-1,162,162
94,r3c6_h-1v+1,163,163
95,r3c6_h+1v-1,165,165
96,r3c6_h+1v+1,166,166
97,r3c7_h-1v-1,168,168
98,r3c7_h-1v+1,169,169
99,r3c7_h+1v-1,171,171
100,r3c7_h+1v+1,172,172
101,r3c8_h-1v-1,174,174
102,r3c8_h-1v+1,175,175
103,r3c8_h+1v-1,177,177
104,r3c8_h+1v+1,178,178
105,r3c9_h-1v-1,180,180
106,r3c9_h-1v+1,181,181
107,r3c9_h+1v-1,183,183
108,r3c9_h+1v+1,184,184
109,r4c1_h-1v-1,186,186
110,r4c1_h-1v+1,187,187
111,r4c1_h+1v-1,189,189
112,r4c1_h+1v+1,190,190
113,r4c2_h-1v-1,192,192
114,r4c2_h-1v+1,193,193
115,r4c2_h+1v-1,195,195
116,r4c2_h+1v+1,196,196
117,r4c3_h-1v-1,198,198
118,r4c3_h-1v+1,199,199
119,r4c3_h+1v-1,201,201
120,r4c3_h+1v+1,202,202
121,r4c4_h-1v-1,204,204
122,r4c4_h-1v+1,205,205
123,r4c4_h+1v-1,207,207
124,r4c4_h+1v+1,208,208
125,r4c5_h-1v-1,210,210
126,r4c5_h-1v+1,211,211
127,r4c5_h+1v-1,213,213
128,r4c5_h+1v+1,214,214
129,r4c6_h-1v-1,216,216
130,r4c6_h-1v+1,217,217
131,r4c6_h+1v-1,219,219
132,r4c6_h+1v+1,220,220
133,r4c7_h-1v-1,222,222
134,r4c7_h-1v+1,223,223
135,r4c7_h+1v-1,225,225
136,r4c7_h+1v+1,226,226
137,r4c8_h-1v-1,228,228
138,r4c8_h-1v+1,229,229
139,r4c8_h+1v-1,231,231
140,r4c8_h+1v+1,232,232
141,r4c9_h-1v-1,234,234
142,r4c9_h-1v+1,235,235
143,r4c9_h+1v-1,237,237
144,r4c9_h+1v+1,238,238
145,r5c1_h-1v-1,240,240
146,r5c1_h-1v+1,241,241
147,r5c1_h+1v-1,243,243
148,r5c1_h+1v+1,244,244
149,r5c2_h-1v-1,246,246
150,r5c2_h-1v+1,247,247
151,r5c2_h+1v-1,249,249
152,r5c2_h+1v+1,250,250
153,r5c3_h-1v-1,252,252
154,r5c3_h-1v+1,253,253
155,r5c3_h+1v-1,255,255
156,r5c3_h+1v+1,256,256
157,r5c4_h-1v-1,258,258
158,r5c4_h-1v+1,259,259
159,r5c4_h+1v-1,261,261
160,r5c4_h+1v+1,262,262
161,r5c5_h-1v-1,264,264
162,r5c5_h-1v+1,265,265
163,r5c5_h+1v-1,267,267
164,r5c5_h+1v+1,268,268
165,r5c6_h-1v-1,270,270
166,r5c6_h-1v+1,271,271
167,r5c6_h+1v-1,273,273
168,r5c6_h+1v+1,274,274
169,r5c7_h-1v-1,276,276
170,r5c7_h-1v+1,277,277
171,r5c7_h+1v-1,279,279
172,r5c7_h+1v+1,280,280
173,r5c8_h-1v-1,282,282
174,r5c8_h-1v+1,283,283
175,r5c8_h+1v-1,285,285
176,r5c8_h+1v+1,286,286
177,r5c9_h-1v-1,288,288
178,r5c9_h-1v+1,289,289
179,r5c9_h+1v-1,291,291
180,r5c9_h+1v+1,292,292
181,r6c1_h-1v-1,294,294
182,r6c1_h-1v+1,295,295
183,r6c1_h+1v-1,297,297
184,r6c1_h+1v+1,298,298
185,r6c2_h-1v-1,300,300
186,r6c2_h-1v+1,301,301
187,r6c2_h+1v-1,303,303
188,r6c2_h+1v+1,304,304
189,r6c3_h-1v-1,306,306
190,r6c3_h-1v+1,307,307
191,r6c3_h+1v-1,309,309
192,r6c3_h+1v+1,310,310
193,r6c4_h-1v-1,312,312
194,r6c4_h-1v+1,313,313
195,r6c4_h+1v-1,315,315
196,r6c4_h+1v+1,316,316
197,r6c5_h-1v-1,318,318
198,r6c5_h-1v+1,319,319
199,r6c5_h+1v-1,321,321
200,r6c5_h+1v+1,322,322
201,r6c6_h-1v-1,324,324
202,r6c6_h-1v+1,325,325
203,r6c6_h+1v-1,327,327
204,r6c6_h+1v+1,328,328
205,r6c7_h-1v-1,330,330
206,r6c7_h-1v+1,331,331
207,r6c7_h+1v-1,333,333
208,r6c7_h+1v+1,334,334
209,r6c8_h-1v-1,336,336
210,r6c8_h-1v+1,337,337
211,r6c8_h+1v-1,339,339
212,r6c8_h+1v+1,340,340
213,r6c9_h-1v-1,342,342
214,r6c9_h-1v+1,343,343
215,r6c9_h+1v-1,345,345
216,r6c9_h+1v+1,346,346
217,r7c1_h-1v-1,348,348
218,r7c1_h-1v+1,349,349
219,r7c1_h+1v-1,351,351
220,r7c1_h+1v+1,352,352
221,r7c2_h-1v-1,354,354
222,r7c2_h-1v+1,355,355
223,r7c2_h+1v-1,357,357
224,r7c2_h+1v+1,358,358
225,r7c3_h-1v-1,360,360
226,r7c3_h-1v+1,361,361
227,r7c3_h+1v-1,363,363
228,r7c3_h+1v+1,364,364
229,r7c4_h-1v-1,366,366
230,r7c4_h-1v+1,367,367
231,r7c4_h+1v-1,369,369
232,r7c4_h+1v+1,370,370
233,r7c5_h-1v-1,372,372
234,r7c5_h-1v+1,373,373
235,r7c5_h+1v-1,375,375
236,r7c5_h+1v+1,376,376
237,r7c6_h-1v-1,378,378
238,r7c6_h-1v+1,379,379
239,r7c6_h+1v-1,381,381
240,r7c6_h+1v+1,382,382
241,r7c7_h-1v-1,384,384
242,r7c7_h-1v+1,385,385
243,r7c7_h+1v-1,387,387
244,r7c7_h+1v+1,388,388
245,r7c8_h-1v-1,390,390
246,r7c8_h-1v+1,391,391
247,r7c8_h+1v-1,393,393
248,r7c8_h+1v+1,394,394
249,r7c9_h-1v-1,396,396
250,r7c9_h-1v+1,397,397
251,r7c9_h+1v-1,399,399
252,r7c9_h+1v+1,400,400
253,r8c1_h-1v-1,402,402
254,r8c1_h-1v+1,403,403
255,r8c1_h+1v-1,405,405
256,r8c1_h+1v+1,406,406
257,r8c2_h-1v-1,408,408
258,r8c2_h-1v+1,409,409
259,r8c2_h+1v-1,411,411
260,r8c2_h+1v+1,412,412
261,r8c3_h-1v-1,414,414
262,r8c3_h-1v+1,415,415
263,r8c3_h+1v-1,417,417
264,r8c3_h+1v+1,418,418
265,r8c4_h-1v-1,420,420
266,r8c4_h-1v+1,421,421
267,r8c4_h+1v-1,423,423
268,r8c4_h+1v+1,424,424
269,r8c5_h-1v-1,426,426
270,r8c5_h-1v+1,427,427
271,r8c5_h+1v-1,429,429
272,r8c5_h+1v+1,430,430
273,r8c6_h-1v-1,432,432
274,r8c6_h-1v+1,433,433
275,r8c6_h+1v-1,435,435
276,r8c6_h+1v+1,436,436
277,r8c7_h-1v-1,438,438
278,r8c7_h-1v+1,439,439
279,r8c7_h+1v-1,441,441
280,r8c7_h+1v+1,442,442
281,r8c8_h-1v-1,444,444
282,r8c8_h-1v+1,445,445
283,r8c8_h+1v-1,447,447
284,r8c8_h+1v+1,448,448
285,r8c9_h-1v-1,450,450
286,r8c9_h-1v+1,451,451
287,r8c9_h+1v-1,453,453
288,r8c9_h+1v+1,454,454
289,r9c1_h-1v-1,456,456
290,r9c1_h-1v+1,457,457
291,r9c1_h+1v-1,459,459
292,r9c1_h+1v+1,460,460
293,r9c2_h-1v-1,462,462
294,r9c2_h-1v+1,463,463
295,r9c2_h+1v-1,465,465
296,r9c2_h+1v+1,466,466
297,r9c3_h-1v-1,468,468
298,r9c3_h-1v+1,469,469
299,r9c3_h+1v-1,471,471
300,r9c3_h+1v+1,472,472
301,r9c4_h-1v-1,474,474
302,r9c4_h-1v+1,475,475
303,r9c4_h+1v-1,477,477
304,r9c4_h+1v+1,478,478
305,r9c5_h-1v-1,480,480
306,r9c5_h-1v+1,481,481
307,r9c5_h+1v-1,483,483
308,r9c5_h+1v+1,484,484
309,r9c6_h-1v-1,486,486
310,r9c6_h-1v+1,487,487
311,r9c6_h+1v-1,489,489
312,r9c6_h+1v+1,490,490
313,r9c7_h-1v-1,492,492
314,r9c7_h-1v+1,493,493
315,r9c7_h+1v-1,495,495
316,r9c7_h+1v+1,496,496
317,r9c8_h-1v-1,498,498
318,r9c8_h-1v+1,499,499
319,r9c8_h+1v-1,501,501
320,r9c8_h+1v+1,502,502
321,r9c9_h-1v-1,504,504
322,r9c9_h-1v+1,505,505
323,r9c9_h+1v-1,507,507
324,r9c9_h+1v+1,508,508
