channel,t,dK,num_target_free_cylinder_pairs,num_possible_output_deltas,actual_u,actual_u_ternary,actual_delta,actual_pair_present,examples_u_delta
pi,5,1,735,7,370,111201,238,True,"[[0, 235], [1, 235], [2, 235], [3, 235], [4, 235], [5, 235], [6, 235], [7, 235], [8, 235], [9, 235]]"
pi,6,1,738,10,637,212121,462,True,"[[0, 454], [1, 454], [2, 454], [3, 454], [4, 454], [5, 454], [6, 454], [7, 454], [8, 454], [9, 454]]"
pi,7,1,742,14,502,200121,643,True,"[[0, 634], [1, 634], [2, 634], [3, 634], [4, 634], [5, 634], [6, 634], [7, 634], [8, 634], [9, 634]]"
pi,8,1,746,18,252,100100,383,True,"[[0, 377], [1, 377], [2, 377], [3, 377], [4, 377], [5, 377], [6, 377], [7, 377], [8, 377], [9, 377]]"
pi,9,1,753,25,296,101222,279,True,"[[0, 269], [1, 269], [2, 269], [2, 270], [3, 270], [4, 270], [5, 270], [6, 270], [7, 270], [8, 270]]"
pi,10,1,761,33,239,022212,502,True,"[[0, 492], [1, 492], [2, 492], [3, 492], [4, 492], [5, 492], [6, 492], [7, 492], [8, 492], [9, 492]]"
pi,11,1,774,46,140,012012,884,True,"[[0, 875], [1, 875], [2, 875], [3, 875], [4, 875], [5, 875], [5, 876], [6, 876], [7, 876], [8, 876]]"
pi,12,1,789,61,372,111210,197,True,"[[0, 166], [1, 166], [2, 166], [3, 166], [4, 166], [5, 166], [6, 166], [7, 166], [8, 166], [9, 166]]"
pi,13,1,812,84,436,121011,169,True,"[[0, 119], [1, 119], [2, 119], [3, 119], [4, 119], [5, 119], [5, 120], [6, 120], [7, 120], [8, 120]]"
pi,14,1,843,115,510,200220,399,True,"[[0, 319], [1, 319], [2, 319], [3, 319], [4, 319], [5, 319], [5, 320], [6, 320], [7, 320], [8, 320]]"
pi,15,1,886,158,426,120210,375,True,"[[0, 283], [1, 283], [2, 283], [3, 283], [3, 284], [4, 284], [5, 284], [6, 284], [7, 284], [8, 284]]"
pi,16,1,945,217,10,000101,105,True,"[[0, 102], [0, 103], [1, 103], [2, 103], [3, 103], [4, 103], [4, 104], [5, 104], [6, 104], [7, 104]]"
pi,17,1,928,268,219,022010,820,True,"[[0, 732], [1, 732], [2, 732], [2, 733], [3, 733], [4, 733], [4, 734], [5, 734], [6, 734], [7, 734]]"
pi,18,1,343,123,175,020111,974,True,"[[0, 877], [1, 877], [1, 878], [2, 878], [3, 878], [3, 879], [4, 879], [4, 880], [5, 880], [6, 880]]"
pi,19,1,847,367,407,120002,944,True,"[[0, 633], [1, 633], [1, 634], [2, 634], [2, 635], [3, 635], [3, 636], [4, 636], [4, 637], [5, 637]]"
pi,20,0,611,0,683,221022,,True,"[[118, 0], [119, 0], [120, 0], [121, 0], [122, 0], [123, 0], [124, 0], [125, 0], [126, 0], [127, 0]]"
pi,21,1,730,2,522,201100,592,True,"[[0, 591], [1, 591], [2, 591], [3, 591], [4, 591], [5, 591], [6, 591], [7, 591], [8, 591], [9, 591]]"
pi,22,1,730,2,282,101110,307,True,"[[0, 307], [1, 307], [2, 307], [3, 307], [4, 307], [5, 307], [6, 307], [7, 307], [8, 307], [9, 307]]"
pi,23,1,731,3,442,121101,816,True,"[[0, 815], [1, 815], [2, 815], [3, 815], [4, 815], [5, 815], [6, 815], [7, 815], [8, 815], [9, 815]]"
pi,24,1,732,4,516,201010,406,True,"[[0, 404], [1, 404], [2, 404], [3, 404], [4, 404], [5, 404], [6, 404], [7, 404], [8, 404], [9, 404]]"
e,5,1,736,8,533,201202,235,True,"[[0, 230], [1, 230], [2, 230], [3, 230], [4, 230], [5, 230], [6, 230], [7, 230], [8, 230], [9, 230]]"
e,6,1,738,10,723,222210,360,True,"[[0, 351], [1, 351], [2, 351], [3, 351], [4, 351], [5, 351], [6, 351], [7, 351], [8, 351], [9, 351]]"
e,7,1,741,13,644,212212,287,True,"[[0, 276], [1, 276], [2, 276], [3, 276], [4, 276], [5, 276], [6, 276], [7, 276], [8, 276], [9, 276]]"
e,8,1,746,18,176,020112,471,True,"[[0, 467], [1, 467], [2, 467], [3, 467], [4, 467], [5, 467], [6, 467], [7, 467], [8, 467], [9, 467]]"
e,9,1,753,25,403,112221,352,True,"[[0, 339], [1, 339], [2, 339], [3, 339], [4, 339], [5, 339], [6, 339], [7, 339], [8, 339], [9, 339]]"
e,10,1,761,33,325,110001,662,True,"[[0, 648], [1, 648], [2, 648], [3, 648], [4, 648], [5, 648], [6, 648], [7, 648], [8, 648], [9, 648]]"
e,11,1,773,45,566,202222,497,True,"[[0, 463], [1, 463], [2, 463], [3, 463], [4, 463], [5, 463], [6, 463], [7, 463], [8, 463], [9, 463]]"
e,12,1,790,62,389,112102,757,True,"[[0, 724], [1, 724], [2, 724], [3, 724], [3, 725], [4, 725], [5, 725], [6, 725], [7, 725], [8, 725]]"
e,13,1,813,85,300,102010,247,True,"[[0, 212], [1, 212], [2, 212], [2, 213], [3, 213], [4, 213], [5, 213], [6, 213], [7, 213], [8, 213]]"
e,14,1,844,116,222,022020,93,True,"[[0, 58], [1, 58], [2, 58], [2, 59], [3, 59], [4, 59], [5, 59], [6, 59], [7, 59], [8, 59]]"
e,15,1,886,158,704,222002,699,True,"[[0, 548], [1, 548], [2, 548], [3, 548], [3, 549], [4, 549], [5, 549], [6, 549], [7, 549], [8, 549]]"
e,16,1,356,82,138,012010,959,True,"[[0, 918], [0, 919], [1, 919], [2, 919], [3, 919], [4, 919], [4, 920], [5, 920], [6, 920], [7, 920]]"
e,17,1,1024,296,41,001112,574,True,"[[0, 558], [1, 558], [1, 559], [2, 559], [3, 559], [4, 559], [4, 560], [5, 560], [6, 560], [6, 561]]"
e,18,1,465,167,239,022212,966,True,"[[0, 833], [0, 834], [1, 834], [2, 834], [2, 835], [3, 835], [3, 836], [4, 836], [5, 836], [5, 837]]"
e,19,1,380,165,173,020102,967,True,"[[0, 835], [0, 836], [1, 836], [2, 836], [2, 837], [3, 837], [3, 838], [4, 838], [4, 839], [5, 839]]"
e,20,0,527,0,171,020100,,True,"[[0, 0], [1, 0], [2, 0], [3, 0], [4, 0], [5, 0], [6, 0], [7, 0], [8, 0], [9, 0]]"
e,21,1,730,2,49,001211,627,True,"[[0, 627], [1, 627], [2, 627], [3, 627], [4, 627], [5, 627], [6, 627], [7, 627], [8, 627], [9, 627]]"
e,22,1,730,2,275,101012,724,True,"[[0, 723], [1, 723], [2, 723], [3, 723], [4, 723], [5, 723], [6, 723], [7, 723], [8, 723], [9, 723]]"
e,23,1,731,3,287,101122,76,True,"[[0, 75], [1, 75], [2, 75], [3, 75], [4, 75], [5, 75], [6, 75], [7, 75], [8, 75], [9, 75]]"
e,24,1,732,4,202,021111,630,True,"[[0, 629], [1, 629], [2, 629], [3, 629], [4, 629], [5, 629], [6, 629], [7, 629], [8, 629], [9, 629]]"
phi,5,1,736,8,682,221021,848,True,"[[0, 841], [1, 841], [2, 841], [3, 841], [3, 842], [4, 842], [5, 842], [6, 842], [7, 842], [8, 842]]"
phi,6,1,738,10,511,200221,204,True,"[[0, 198], [1, 198], [2, 198], [3, 198], [4, 198], [5, 198], [6, 198], [7, 198], [8, 198], [9, 198]]"
phi,7,1,741,13,336,110110,586,True,"[[0, 581], [1, 581], [2, 581], [3, 581], [4, 581], [5, 581], [6, 581], [7, 581], [8, 581], [9, 581]]"
phi,8,1,746,18,98,010122,834,True,"[[0, 832], [1, 832], [2, 832], [3, 832], [4, 832], [5, 832], [6, 832], [7, 832], [8, 832], [9, 832]]"
phi,9,1,752,24,380,112002,365,True,"[[0, 353], [1, 353], [2, 353], [3, 353], [4, 353], [5, 353], [6, 353], [7, 353], [8, 353], [9, 353]]"
phi,10,1,761,33,250,100021,638,True,"[[0, 627], [1, 627], [2, 627], [3, 627], [4, 627], [5, 627], [6, 627], [7, 627], [8, 627], [9, 627]]"
phi,11,1,774,46,15,000120,117,True,"[[0, 116], [1, 116], [2, 116], [3, 116], [4, 116], [4, 117], [5, 117], [6, 117], [7, 117], [8, 117]]"
phi,12,1,790,62,611,211122,720,True,"[[0, 669], [1, 669], [2, 669], [3, 669], [4, 669], [5, 669], [6, 669], [7, 669], [8, 669], [9, 669]]"
phi,13,1,812,84,558,202200,309,True,"[[0, 245], [1, 245], [2, 245], [3, 245], [4, 245], [5, 245], [6, 245], [7, 245], [7, 246], [8, 246]]"
phi,14,1,844,116,552,202110,179,True,"[[0, 92], [0, 93], [1, 93], [2, 93], [3, 93], [4, 93], [5, 93], [6, 93], [6, 94], [7, 94]]"
phi,15,1,886,158,675,221000,805,True,"[[0, 660], [1, 660], [2, 660], [3, 660], [3, 661], [4, 661], [5, 661], [6, 661], [7, 661], [8, 661]]"
phi,16,1,945,217,254,100102,762,True,"[[0, 687], [1, 687], [1, 688], [2, 688], [3, 688], [4, 688], [4, 689], [5, 689], [6, 689], [7, 689]]"
phi,17,1,996,288,368,111122,862,True,"[[0, 712], [0, 713], [1, 713], [2, 713], [3, 713], [3, 714], [4, 714], [5, 714], [5, 715], [6, 715]]"
phi,18,1,1135,407,165,020010,135,True,"[[0, 43], [1, 43], [1, 44], [2, 44], [2, 45], [3, 45], [4, 45], [4, 46], [5, 46], [6, 46]]"
phi,19,1,1285,557,313,102121,448,True,"[[0, 209], [1, 209], [1, 210], [2, 210], [2, 211], [3, 211], [3, 212], [4, 212], [5, 212], [5, 213]]"
phi,20,0,723,0,601,211021,,True,"[[6, 0], [7, 0], [8, 0], [9, 0], [10, 0], [11, 0], [12, 0], [13, 0], [14, 0], [15, 0]]"
phi,21,1,730,2,277,101021,622,True,"[[0, 622], [1, 622], [2, 622], [3, 622], [4, 622], [5, 622], [6, 622], [7, 622], [8, 622], [9, 622]]"
phi,22,1,730,2,393,112120,705,True,"[[0, 704], [1, 704], [2, 704], [3, 704], [4, 704], [5, 704], [6, 704], [7, 704], [8, 704], [9, 704]]"
phi,23,1,731,3,569,210002,260,True,"[[0, 258], [1, 258], [2, 258], [3, 258], [4, 258], [5, 258], [6, 258], [7, 258], [8, 258], [9, 258]]"
phi,24,1,731,3,159,012220,462,True,"[[0, 462], [1, 462], [2, 462], [3, 462], [4, 462], [5, 462], [6, 462], [7, 462], [8, 462], [9, 462]]"
