_catalog_source,_catalog_ordinal,_catalog_role,_catalog_key_occurrence,record_id,sector,representatives,multiplicity,HMT_residence,internal_classifier,atlas_selector,route_selector,current_result_type,current_native_result,current_scalar_value,source_claimed_realization_status,rector_scalarization_status,dossier_assessed_status,required_forward_map,final_physical_output_type,external_output_id,owner,external_mass_used_as_selector
sectores,1,DOCUMENTED_SECTOR_CLASSIFICATION,1,SM-LC-1,lepton_cargado,e− / e+,1+1,"centro (5,5) y antisección",centro único; familia leptón cargado; generación física 1,CELL:41,ROUTE:r5c5_h+1v+1,POSITIVE_SCALAR_CLOSED,ELECTRON_BETA_RANK_ONE,0.51099895069000080860825716483792,CLOSED,CLOSED_ELECTRON_TWO_WAY,SCALAR_CLOSED_ELECTRON_BETA,NONE,electron_beta_rank_one,PDG2026:observable:S003:S003M:332838,md/06f_biografia_electron_rev6.tex + md/06k_electron_two_way_rev11.tex,NO
sectores,2,DOCUMENTED_SECTOR_CLASSIFICATION,1,SM-LC-2,lepton_cargado,μ− / μ+,1+1,multisección leptón cargado,σ_ud=leptón cargado; generación física 2; firma fina,CLASS:charged_lepton_G2,B1_FIBER,NOMINAL_ROUTE_SCALAR_AND_EXACT_FIBER_OPERATOR,NOMINAL_ROUTE_SCALAR_AND_K_D_K_OMEGA_SPECTRA,105.56405901285926471969377000686,CLOSED,OPEN_PHYSICAL_SCALARIZATION,EXACT_FIBER_OPERATOR__NOMINAL_SIGNATURE_CONDITIONED__SCALARIZATION_OPEN,generation_coupling_to_spectral_projection_without_mass_target,charged_lepton_fiber_spectrum,PDG2026:observable:S004:S004M:332849,md/05f_operadores_masa_two_way_rev11.tex + md/06i_inventario_fisico_23_sectores_rev11.tex,NO
sectores,3,DOCUMENTED_SECTOR_CLASSIFICATION,1,SM-LC-3,lepton_cargado,τ− / τ+,1+1,multisección leptón cargado,σ_ud=leptón cargado; generación física 3; firma fina,CLASS:charged_lepton_G4,B1_FIBER,NOMINAL_ROUTE_SCALAR_AND_EXACT_FIBER_OPERATOR,NOMINAL_ROUTE_SCALAR_AND_K_D_K_OMEGA_SPECTRA,1771.9453938862341101483530811698,CLOSED,OPEN_PHYSICAL_SCALARIZATION,EXACT_FIBER_OPERATOR__NOMINAL_SIGNATURE_CONDITIONED__SCALARIZATION_OPEN,generation_coupling_to_spectral_projection_without_mass_target,charged_lepton_fiber_spectrum,PDG2026:observable:S035:S035M:332893,md/05f_operadores_masa_two_way_rev11.tex + md/06i_inventario_fisico_23_sectores_rev11.tex,NO
sectores,4,DOCUMENTED_SECTOR_CLASSIFICATION,1,SM-NU-1,neutrino,ν_e / anti-ν_e,1+1,multisecciones neutrino,sector neutro; generación física 1; carácter de mezcla,CLASSES:neutrino_G1|neutrino_G2|neutrino_G3|neutrino_G4,B1_FIBER,EXACT_FIBER_OPERATOR,K_D_AND_K_OMEGA_SPECTRA,,PENDING_DECLARED_MORPHISM,OPEN_MIXING_AND_SCALE,EXACT_NEUTRAL_FIBER_OPERATOR__PHYSICAL_MIXING_OPEN,full_rank_K_reg_then_mass_eigenbasis_then_PMNS_then_absolute_scale,neutral_mixing_spectrum,,md/06h_atlas_familias_rev6.tex + md/06i_inventario_fisico_23_sectores_rev11.tex,NO
sectores,5,DOCUMENTED_SECTOR_CLASSIFICATION,1,SM-NU-2,neutrino,ν_μ / anti-ν_μ,1+1,multisecciones neutrino,sector neutro; generación física 2; carácter de mezcla,CLASSES:neutrino_G1|neutrino_G2|neutrino_G3|neutrino_G4,B1_FIBER,EXACT_FIBER_OPERATOR,K_D_AND_K_OMEGA_SPECTRA,,PENDING_DECLARED_MORPHISM,OPEN_MIXING_AND_SCALE,EXACT_NEUTRAL_FIBER_OPERATOR__PHYSICAL_MIXING_OPEN,full_rank_K_reg_then_mass_eigenbasis_then_PMNS_then_absolute_scale,neutral_mixing_spectrum,,md/06h_atlas_familias_rev6.tex + md/06i_inventario_fisico_23_sectores_rev11.tex,NO
sectores,6,DOCUMENTED_SECTOR_CLASSIFICATION,1,SM-NU-3,neutrino,ν_τ / anti-ν_τ,1+1,multisecciones neutrino,sector neutro; generación física 3; carácter de mezcla,CLASSES:neutrino_G1|neutrino_G2|neutrino_G3|neutrino_G4,B1_FIBER,EXACT_FIBER_OPERATOR,K_D_AND_K_OMEGA_SPECTRA,,PENDING_DECLARED_MORPHISM,OPEN_MIXING_AND_SCALE,EXACT_NEUTRAL_FIBER_OPERATOR__PHYSICAL_MIXING_OPEN,full_rank_K_reg_then_mass_eigenbasis_then_PMNS_then_absolute_scale,neutral_mixing_spectrum,,md/06h_atlas_familias_rev6.tex + md/06i_inventario_fisico_23_sectores_rev11.tex,NO
sectores,7,DOCUMENTED_SECTOR_CLASSIFICATION,1,SM-Q-U1,quark,u / anti-u,3+3,multisección tipo arriba,"(up,1,χ_fina); ruta 21/30 N–S",CLASSES:quark_up_G1|quark_up_G3,B1_COLOR_FIBER,NOMINAL_ROUTE_SCALAR_AND_EXACT_FIBER_OPERATOR,NOMINAL_ROUTE_SCALAR_AND_K_D_K_OMEGA_SPECTRA,2.1659245361739076629069774344552,CLOSED,OPEN_FLAVOR_COLOR_SCALARIZATION,EXACT_COLOR_FIBER_OPERATOR__NOMINAL_SIGNATURE_CONDITIONED__SCHEME_OPEN,flavor_color_coupling_to_spectral_projection_then_scheme_scale_transport,quark_color_quotient_spectrum,PDG2026:observable:Q002:Q002M:333588,md/05f_operadores_masa_two_way_rev11.tex + md/06i_inventario_fisico_23_sectores_rev11.tex,NO
sectores,8,DOCUMENTED_SECTOR_CLASSIFICATION,1,SM-Q-D1,quark,d / anti-d,3+3,multisección tipo abajo,"(down,1,χ_fina); ruta 20/32 E–O",CLASSES:quark_down_G1|quark_down_G2|quark_down_G3|quark_down_G4,B1_COLOR_FIBER,NOMINAL_ROUTE_SCALAR_AND_EXACT_FIBER_OPERATOR,NOMINAL_ROUTE_SCALAR_AND_K_D_K_OMEGA_SPECTRA,4.6795501629488741723404625620718,CLOSED,OPEN_FLAVOR_COLOR_SCALARIZATION,EXACT_COLOR_FIBER_OPERATOR__NOMINAL_SIGNATURE_CONDITIONED__SCHEME_OPEN,flavor_color_coupling_to_spectral_projection_then_scheme_scale_transport,quark_color_quotient_spectrum,PDG2026:observable:Q001:Q001M:333589,md/05f_operadores_masa_two_way_rev11.tex + md/06i_inventario_fisico_23_sectores_rev11.tex,NO
sectores,9,DOCUMENTED_SECTOR_CLASSIFICATION,1,SM-Q-U2,quark,c / anti-c,3+3,multisección tipo arriba,"(up,2,χ_fina); ruta 21/29 E–O",CLASSES:quark_up_G1|quark_up_G3,B1_COLOR_FIBER,NOMINAL_ROUTE_SCALAR_AND_EXACT_FIBER_OPERATOR,NOMINAL_ROUTE_SCALAR_AND_K_D_K_OMEGA_SPECTRA,1270.5008386419111352862199391226,CLOSED,OPEN_FLAVOR_COLOR_SCALARIZATION,EXACT_COLOR_FIBER_OPERATOR__NOMINAL_SIGNATURE_CONDITIONED__SCHEME_OPEN,flavor_color_coupling_to_spectral_projection_then_scheme_scale_transport,quark_color_quotient_spectrum,PDG2026:observable:Q004:Q004M:333604,md/05f_operadores_masa_two_way_rev11.tex + md/06i_inventario_fisico_23_sectores_rev11.tex,NO
sectores,10,DOCUMENTED_SECTOR_CLASSIFICATION,1,SM-Q-D2,quark,s / anti-s,3+3,multisección tipo abajo,"(down,2,χ_fina); ruta 17/27 N–S",CLASSES:quark_down_G1|quark_down_G2|quark_down_G3|quark_down_G4,B1_COLOR_FIBER,NOMINAL_ROUTE_SCALAR_AND_EXACT_FIBER_OPERATOR,NOMINAL_ROUTE_SCALAR_AND_K_D_K_OMEGA_SPECTRA,92.940093907845640641019594846722,CLOSED,OPEN_FLAVOR_COLOR_SCALARIZATION,EXACT_COLOR_FIBER_OPERATOR__NOMINAL_SIGNATURE_CONDITIONED__SCHEME_OPEN,flavor_color_coupling_to_spectral_projection_then_scheme_scale_transport,quark_color_quotient_spectrum,PDG2026:observable:Q003:Q003M:333590,md/05f_operadores_masa_two_way_rev11.tex + md/06i_inventario_fisico_23_sectores_rev11.tex,NO
sectores,11,DOCUMENTED_SECTOR_CLASSIFICATION,1,SM-Q-U3,quark,t / anti-t,3+3,multisección tipo arriba,"(up,3,χ_fina); ruta 21/26 N–S",CLASSES:quark_up_G1|quark_up_G3,B1_COLOR_FIBER,NOMINAL_ROUTE_SCALAR_AND_EXACT_FIBER_OPERATOR,NOMINAL_ROUTE_SCALAR_AND_K_D_K_OMEGA_SPECTRA,172597.47954401913626136689748338,CLOSED,OPEN_FLAVOR_COLOR_SCALARIZATION,EXACT_COLOR_FIBER_OPERATOR__NOMINAL_SIGNATURE_CONDITIONED__SCHEME_OPEN,flavor_color_coupling_to_spectral_projection_then_scheme_scale_transport,quark_color_quotient_spectrum,PDG2026:observable:Q007:Q007TP:333614,md/05f_operadores_masa_two_way_rev11.tex + md/06i_inventario_fisico_23_sectores_rev11.tex,NO
sectores,12,DOCUMENTED_SECTOR_CLASSIFICATION,1,SM-Q-D3,quark,b / anti-b,3+3,multisección tipo abajo,"(down,3,χ_fina); ruta 21/30 E–O",CLASSES:quark_down_G1|quark_down_G2|quark_down_G3|quark_down_G4,B1_COLOR_FIBER,NOMINAL_ROUTE_SCALAR_AND_EXACT_FIBER_OPERATOR,NOMINAL_ROUTE_SCALAR_AND_K_D_K_OMEGA_SPECTRA,4190.1197632997902180746731891276,CLOSED,OPEN_FLAVOR_COLOR_SCALARIZATION,EXACT_COLOR_FIBER_OPERATOR__NOMINAL_SIGNATURE_CONDITIONED__SCHEME_OPEN,flavor_color_coupling_to_spectral_projection_then_scheme_scale_transport,quark_color_quotient_spectrum,PDG2026:observable:Q005:Q005M:333611,md/05f_operadores_masa_two_way_rev11.tex + md/06i_inventario_fisico_23_sectores_rev11.tex,NO
sectores,13,DOCUMENTED_SECTOR_CLASSIFICATION,1,SM-GA-EM,boson_gauge,γ,1,sector gauge nulo,sección par sin cierre material de masa,NULL:electromagnetic,NULL_CHART,NULL_SECTION_CLOSED,EXACT_NULL_MASS_SECTION,,CLOSED,CLOSED_NULL_CHART,NULL_SECTION_CLOSED,NONE_FOR_MASS_NULLITY,null_mass_chart,PDG2026:observable:S000:S000M:332461,md/06i_inventario_fisico_23_sectores_rev11.tex,NO
sectores,14,DOCUMENTED_SECTOR_CLASSIFICATION,1,SM-GA-GL,boson_gauge,g,8,sector gauge de color,adjunto de la órbita residual de color,NULL:color_adjoint,NULL_CHART,NULL_SECTION_CLOSED,EXACT_NULL_MASS_SECTION,,CLOSED,CLOSED_NULL_CHART,NULL_SECTION_CLOSED,NONE_FOR_MASS_NULLITY,null_mass_chart,,md/06i_inventario_fisico_23_sectores_rev11.tex,NO
sectores,15,DOCUMENTED_SECTOR_CLASSIFICATION,1,SM-GA-W,boson_gauge,W+ / W−,1+1,sector gauge masivo,ruta nominal 15/37 E–O; conjugación de carga,OUTSIDE_ATLAS13:gauge_massive,UNJOINED_SECTOR_DESCRIPTOR,NOMINAL_ROUTE_SCALAR,NOMINAL_ROUTE_SCALAR_CHARACTER,80381.592550220666304144150016741,CLOSED,OPEN_ROUTE_AND_SCALARIZATION,CONDITIONED_NOMINAL_SIGNATURE__ROUTE_AND_POLE_REALIZATION_OPEN,join_named_boson_to_enriched_route_then_complex_pole_operator,mass_and_width_pole,PDG2026:observable:S043:S043M:332464,md/06i_inventario_fisico_23_sectores_rev11.tex,NO
sectores,16,DOCUMENTED_SECTOR_CLASSIFICATION,1,SM-GA-Z,boson_gauge,Z0,1,sector gauge masivo,ruta nominal 20/23 E–O,OUTSIDE_ATLAS13:gauge_massive,UNJOINED_SECTOR_DESCRIPTOR,NOMINAL_ROUTE_SCALAR,NOMINAL_ROUTE_SCALAR_CHARACTER,91299.748286598170117317295513027,CLOSED,OPEN_ROUTE_AND_SCALARIZATION,CONDITIONED_NOMINAL_SIGNATURE__ROUTE_AND_POLE_REALIZATION_OPEN,join_named_boson_to_enriched_route_then_complex_pole_operator,mass_and_width_pole,PDG2026:observable:S044:S044M:332513,md/06i_inventario_fisico_23_sectores_rev11.tex,NO
sectores,17,DOCUMENTED_SECTOR_CLASSIFICATION,1,SM-H-1,escalar,H,1,sector escalar,ruta nominal 24/29 N–S,OUTSIDE_ATLAS13:scalar,UNJOINED_SECTOR_DESCRIPTOR,NOMINAL_ROUTE_SCALAR,NOMINAL_ROUTE_SCALAR_CHARACTER,125292.46604253613300043276647768,CLOSED,OPEN_ROUTE_AND_SCALARIZATION,CONDITIONED_NOMINAL_SIGNATURE__ROUTE_AND_POLE_REALIZATION_OPEN,join_named_boson_to_enriched_route_then_complex_pole_operator,mass_and_width_pole,PDG2026:observable:S126:S126M:332733,md/06i_inventario_fisico_23_sectores_rev11.tex,NO
sectores,18,DOCUMENTED_SECTOR_CLASSIFICATION,1,COMP-MESON,meson,"π0, π±, K0, K±, η, ρ, φ, J/ψ, Υ…",familias de composición,producto de sección y antisección,ledger de dos constituyentes + frontera de enlace,COMPOSITE:meson,COMPOSITE_LEDGER,NATIVE_NONSCALE_CODOMAIN,native codomain/status published; no universal scalar mass assigned,,PENDING_DECLARED_MORPHISM,OPEN_NAMED_STATE_SCALARIZATION,EXACT_COMPOSITION_GRAMMAR__NAMED_STATE_SCALARIZATION_OPEN,two_constituent_ledgers_plus_binding_cocycle_to_pole_operator,meson_mass_and_width_spectrum,,md/06i_inventario_fisico_23_sectores_rev11.tex,NO
sectores,19,DOCUMENTED_SECTOR_CLASSIFICATION,1,COMP-BARYON,barion,"p, n y familias bariónicas",familias de composición,producto de tres secciones,ledger de tres constituyentes + carry + frontera de enlace,COMPOSITE:baryon,COMPOSITE_LEDGER,NATIVE_NONSCALE_CODOMAIN,native codomain/status published; no universal scalar mass assigned,,PENDING_DECLARED_MORPHISM,OPEN_NAMED_STATE_SCALARIZATION,EXACT_COMPOSITION_GRAMMAR__NAMED_STATE_SCALARIZATION_OPEN,three_constituent_ledgers_plus_carry_and_binding_cocycle_to_pole_operator,baryon_mass_and_width_spectrum,,md/06i_inventario_fisico_23_sectores_rev11.tex,NO
sectores,20,DOCUMENTED_SECTOR_CLASSIFICATION,1,TOPO-FIB,anyon_no_abeliano,"1, τ",anillo de fusión de rango 2,sector topológico,F_av; τ⊗τ=1⊕τ; qdim(τ)=φ,TOPOLOGICAL:fibonacci,FUSION_BRAIDING_CODOMAIN,NATIVE_NONSCALE_CODOMAIN,native codomain/status published; no universal scalar mass assigned,,PENDING_DECLARED_MORPHISM,NOT_A_UNIVERSAL_MASS_SCALAR,EXACT_NATIVE_TOPOLOGICAL_CODOMAIN__MASS_INTERFACE_OPEN,hamiltonian_gap_and_braiding_representation_before_any_mass_chart,topological_gap_not_universal_mass,,md/06i_inventario_fisico_23_sectores_rev11.tex,NO
sectores,21,DOCUMENTED_SECTOR_CLASSIFICATION,1,TOPO-ISING,sector_majorana,"1, ψ, σ",tres tipos de fusión,sector topológico / cero,"realificación, punto fijo y modo cero separados",TOPOLOGICAL:ising_majorana,FUSION_BRAIDING_CODOMAIN,NATIVE_NONSCALE_CODOMAIN,native codomain/status published; no universal scalar mass assigned,,PENDING_DECLARED_MORPHISM,NOT_A_UNIVERSAL_MASS_SCALAR,EXACT_NATIVE_TOPOLOGICAL_CODOMAIN__MASS_INTERFACE_OPEN,hamiltonian_gap_and_braiding_representation_before_any_mass_chart,topological_gap_not_universal_mass,,md/06i_inventario_fisico_23_sectores_rev11.tex,NO
sectores,22,DOCUMENTED_SECTOR_CLASSIFICATION,1,TOPO-Z6,anyones_abelianos,"bosón, fermión y cuatro sectores trenzados",6,sector topológico Z/6,carácter de trenzado,TOPOLOGICAL:z6,FUSION_BRAIDING_CODOMAIN,NATIVE_NONSCALE_CODOMAIN,native codomain/status published; no universal scalar mass assigned,,PENDING_DECLARED_MORPHISM,NOT_A_UNIVERSAL_MASS_SCALAR,EXACT_NATIVE_TOPOLOGICAL_CODOMAIN__MASS_INTERFACE_OPEN,hamiltonian_gap_and_braiding_representation_before_any_mass_chart,topological_gap_not_universal_mass,,md/06i_inventario_fisico_23_sectores_rev11.tex,NO
sectores,23,DOCUMENTED_SECTOR_CLASSIFICATION,1,VIRT-1,virtual,secciones virtuales,por extensión finita,sistema inverso TPK,Ext_N no vacío sin rama global todavía certificada,VIRTUAL:inverse_system,OBSTRUCTION_HORIZON,NATIVE_NONSCALE_CODOMAIN,native codomain/status published; no universal scalar mass assigned,,PENDING_DECLARED_MORPHISM,NOT_A_UNIVERSAL_MASS_SCALAR,EXACT_FINITE_EXTENSION_HORIZON__NO_STABLE_MASS_SCALAR,terminal_obstruction_and_propagator_interface,virtual_pole_or_obstruction_not_imaginary_mass_by_default,,md/06i_inventario_fisico_23_sectores_rev11.tex,NO
