record_id	sector	representatives	support_type	support_rank	structural_classes	candidate_ids	color_R	color_G	color_B	next_physical_map	mass_value_used
SM-LC-1	lepton_cargado	e− / e+	CANONICAL_POINT	1	charged_lepton_G0	r5c5_h+1v+1	0	0	0	rank_one_projector	NO
SM-LC-2	lepton_cargado	μ− / μ+	B1_STRUCTURAL_FIBER	8	charged_lepton_G2	r3c3_h+1v+1|r3c5_h+1v+1|r3c7_h+1v+1|r5c3_h+1v+1|r5c7_h+1v+1|r7c3_h+1v+1|r7c5_h+1v+1|r7c7_h+1v+1	0	0	0	representation_projector_required	NO
SM-LC-3	lepton_cargado	τ− / τ+	B1_STRUCTURAL_FIBER	16	charged_lepton_G4	r1c1_h+1v+1|r1c3_h+1v+1|r1c5_h+1v+1|r1c7_h+1v+1|r1c9_h+1v+1|r3c1_h+1v+1|r3c9_h+1v+1|r5c1_h+1v+1|r5c9_h+1v+1|r7c1_h+1v+1|r7c9_h+1v+1|r9c1_h+1v+1|r9c3_h+1v+1|r9c5_h+1v+1|r9c7_h+1v+1|r9c9_h+1v+1	0	0	0	representation_projector_required	NO
SM-NU-1	neutrino	ν_e / anti-ν_e	B1_STRUCTURAL_MULTIFIBER	20	neutrino_G1|neutrino_G2|neutrino_G3|neutrino_G4	r1c2_h+1v+1|r1c4_h+1v+1|r1c6_h+1v+1|r1c8_h+1v+1|r3c2_h+1v+1|r3c4_h+1v+1|r3c6_h+1v+1|r3c8_h+1v+1|r5c2_h+1v+1|r5c4_h+1v+1|r5c6_h+1v+1|r5c8_h+1v+1|r7c2_h+1v+1|r7c4_h+1v+1|r7c6_h+1v+1|r7c8_h+1v+1|r9c2_h+1v+1|r9c4_h+1v+1|r9c6_h+1v+1|r9c8_h+1v+1	0	0	0	rank_three_mass_projector_required	NO
SM-NU-2	neutrino	ν_μ / anti-ν_μ	B1_STRUCTURAL_MULTIFIBER	20	neutrino_G1|neutrino_G2|neutrino_G3|neutrino_G4	r1c2_h+1v+1|r1c4_h+1v+1|r1c6_h+1v+1|r1c8_h+1v+1|r3c2_h+1v+1|r3c4_h+1v+1|r3c6_h+1v+1|r3c8_h+1v+1|r5c2_h+1v+1|r5c4_h+1v+1|r5c6_h+1v+1|r5c8_h+1v+1|r7c2_h+1v+1|r7c4_h+1v+1|r7c6_h+1v+1|r7c8_h+1v+1|r9c2_h+1v+1|r9c4_h+1v+1|r9c6_h+1v+1|r9c8_h+1v+1	0	0	0	rank_three_mass_projector_required	NO
SM-NU-3	neutrino	ν_τ / anti-ν_τ	B1_STRUCTURAL_MULTIFIBER	20	neutrino_G1|neutrino_G2|neutrino_G3|neutrino_G4	r1c2_h+1v+1|r1c4_h+1v+1|r1c6_h+1v+1|r1c8_h+1v+1|r3c2_h+1v+1|r3c4_h+1v+1|r3c6_h+1v+1|r3c8_h+1v+1|r5c2_h+1v+1|r5c4_h+1v+1|r5c6_h+1v+1|r5c8_h+1v+1|r7c2_h+1v+1|r7c4_h+1v+1|r7c6_h+1v+1|r7c8_h+1v+1|r9c2_h+1v+1|r9c4_h+1v+1|r9c6_h+1v+1|r9c8_h+1v+1	0	0	0	rank_three_mass_projector_required	NO
SM-Q-U1	quark	u / anti-u	B1_STRUCTURAL_MULTIFIBER	16	quark_up_G1|quark_up_G3	r2c2_h+1v+1|r2c4_h+1v+1|r2c6_h+1v+1|r2c8_h+1v+1|r4c2_h+1v+1|r4c4_h+1v+1|r4c6_h+1v+1|r4c8_h+1v+1|r6c2_h+1v+1|r6c4_h+1v+1|r6c6_h+1v+1|r6c8_h+1v+1|r8c2_h+1v+1|r8c4_h+1v+1|r8c6_h+1v+1|r8c8_h+1v+1	6	5	5	rank_three_mass_projector_required	NO
SM-Q-D1	quark	d / anti-d	B1_STRUCTURAL_MULTIFIBER	20	quark_down_G1|quark_down_G2|quark_down_G3|quark_down_G4	r2c1_h+1v+1|r2c3_h+1v+1|r2c5_h+1v+1|r2c7_h+1v+1|r2c9_h+1v+1|r4c1_h+1v+1|r4c3_h+1v+1|r4c5_h+1v+1|r4c7_h+1v+1|r4c9_h+1v+1|r6c1_h+1v+1|r6c3_h+1v+1|r6c5_h+1v+1|r6c7_h+1v+1|r6c9_h+1v+1|r8c1_h+1v+1|r8c3_h+1v+1|r8c5_h+1v+1|r8c7_h+1v+1|r8c9_h+1v+1	6	7	7	rank_three_mass_projector_required	NO
SM-Q-U2	quark	c / anti-c	B1_STRUCTURAL_MULTIFIBER	16	quark_up_G1|quark_up_G3	r2c2_h+1v+1|r2c4_h+1v+1|r2c6_h+1v+1|r2c8_h+1v+1|r4c2_h+1v+1|r4c4_h+1v+1|r4c6_h+1v+1|r4c8_h+1v+1|r6c2_h+1v+1|r6c4_h+1v+1|r6c6_h+1v+1|r6c8_h+1v+1|r8c2_h+1v+1|r8c4_h+1v+1|r8c6_h+1v+1|r8c8_h+1v+1	6	5	5	rank_three_mass_projector_required	NO
SM-Q-D2	quark	s / anti-s	B1_STRUCTURAL_MULTIFIBER	20	quark_down_G1|quark_down_G2|quark_down_G3|quark_down_G4	r2c1_h+1v+1|r2c3_h+1v+1|r2c5_h+1v+1|r2c7_h+1v+1|r2c9_h+1v+1|r4c1_h+1v+1|r4c3_h+1v+1|r4c5_h+1v+1|r4c7_h+1v+1|r4c9_h+1v+1|r6c1_h+1v+1|r6c3_h+1v+1|r6c5_h+1v+1|r6c7_h+1v+1|r6c9_h+1v+1|r8c1_h+1v+1|r8c3_h+1v+1|r8c5_h+1v+1|r8c7_h+1v+1|r8c9_h+1v+1	6	7	7	rank_three_mass_projector_required	NO
SM-Q-U3	quark	t / anti-t	B1_STRUCTURAL_MULTIFIBER	16	quark_up_G1|quark_up_G3	r2c2_h+1v+1|r2c4_h+1v+1|r2c6_h+1v+1|r2c8_h+1v+1|r4c2_h+1v+1|r4c4_h+1v+1|r4c6_h+1v+1|r4c8_h+1v+1|r6c2_h+1v+1|r6c4_h+1v+1|r6c6_h+1v+1|r6c8_h+1v+1|r8c2_h+1v+1|r8c4_h+1v+1|r8c6_h+1v+1|r8c8_h+1v+1	6	5	5	rank_three_mass_projector_required	NO
SM-Q-D3	quark	b / anti-b	B1_STRUCTURAL_MULTIFIBER	20	quark_down_G1|quark_down_G2|quark_down_G3|quark_down_G4	r2c1_h+1v+1|r2c3_h+1v+1|r2c5_h+1v+1|r2c7_h+1v+1|r2c9_h+1v+1|r4c1_h+1v+1|r4c3_h+1v+1|r4c5_h+1v+1|r4c7_h+1v+1|r4c9_h+1v+1|r6c1_h+1v+1|r6c3_h+1v+1|r6c5_h+1v+1|r6c7_h+1v+1|r6c9_h+1v+1|r8c1_h+1v+1|r8c3_h+1v+1|r8c5_h+1v+1|r8c7_h+1v+1|r8c9_h+1v+1	6	7	7	rank_three_mass_projector_required	NO
SM-GA-EM	boson_gauge	γ	NULL_CHART	0			0	0	0	native_null_section	NO
SM-GA-GL	boson_gauge	g	NULL_CHART	0			0	0	0	native_null_section	NO
SM-GA-W	boson_gauge	W+ / W−	TYPED_EXTERNAL_SECTOR	0			0	0	0	sector_to_enriched_route_intertwiner_required	NO
SM-GA-Z	boson_gauge	Z0	TYPED_EXTERNAL_SECTOR	0			0	0	0	sector_to_enriched_route_intertwiner_required	NO
SM-H-1	escalar	H	TYPED_EXTERNAL_SECTOR	0			0	0	0	sector_to_enriched_route_intertwiner_required	NO
COMP-MESON	meson	π0, π±, K0, K±, η, ρ, φ, J/ψ, Υ…	COMPOSITION_DOMAIN	0			0	0	0	binding_ledger_required	NO
COMP-BARYON	barion	p, n y familias bariónicas	COMPOSITION_DOMAIN	0			0	0	0	binding_ledger_required	NO
TOPO-FIB	anyon_no_abeliano	1, τ	TOPOLOGICAL_DOMAIN	0			0	0	0	fusion_braiding_hamiltonian_required	NO
TOPO-ISING	sector_majorana	1, ψ, σ	TOPOLOGICAL_DOMAIN	0			0	0	0	fusion_braiding_hamiltonian_required	NO
TOPO-Z6	anyones_abelianos	bosón, fermión y cuatro sectores trenzados	TOPOLOGICAL_DOMAIN	0			0	0	0	fusion_braiding_hamiltonian_required	NO
VIRT-1	virtual	secciones virtuales	TERMINAL_EXTENSION_DOMAIN	0			0	0	0	obstruction_horizon	NO
