_catalog_source,_catalog_ordinal,_catalog_role,_catalog_key_occurrence,cell_id,r,c,app_digit,sector,family_physical,generation_depth,generation_label,color,structural_multisection,route_family_R,B1_route,orientation_h0v0,tau12,Omega90_120,P6,K_D,K_Omega,kappa_D,kappa_Omega,Ract_factor_D,Ract_factor_Omega,internal_signature,character_angle,character_tower,unit_status
celdas,1,INTERNAL_ATLAS,1,1,1,1,1,lepton,charged_lepton,4,G4,,charged_lepton_G4,24|0|8|0|-12|+++---+++---,r1c1_h-1v+1,"(-1,1)",+++---+++---,80,6,"(60,78,25)","(80,54,6)",59.43358641016316702356304,79.60661013979482758647091,1.000000041204222405344905,1.000000055189812531859140,24|0|8|0|-12|+++---+++---|0,1.9938042977184429874711656325521407990695587799260708164016715755933163031772505,1.9946513558800892483530910827593730008619334097277610714113193962946492048620724,DIMENSIONLESS_NO_UNIT_ATTACHED
celdas,2,INTERNAL_ATLAS,1,2,1,2,2,lepton,neutrino,4,G4,,neutrino_G4,28|6|-4|0|-12|+++---+++---,r1c2_h-1v-1,"(-1,-1)",+++---+++---,80,6,"(100,66,0)","(80,54,6)",99.51837473042726913417918,79.60661013979482758647091,1.000000068994276645021895,1.000000055189812531859140,28|6|-4|0|-12|+++---+++---|0,20.483950351816387880553740761193288725574808678722884293986300483185886511173266,20.474431287934345023366353409419847727491512386525373559645031485393763303305543,DIMENSIONLESS_NO_UNIT_ATTACHED
celdas,3,INTERNAL_ATLAS,1,3,1,3,3,lepton,charged_lepton,4,G4,,charged_lepton_G4,28|-6|2|0|-12|+++---+++---,r1c3_h-1v+1,"(-1,1)",+++---+++---,80,6,"(40,84,30)","(80,54,6)",39.39035827686092491784959,79.60661013979482758647091,1.000000027308617396708705,1.000000055189812531859140,28|-6|2|0|-12|+++---+++---|0,226.64190739892374226994402716113954315949821565107980113993743873431458108977892,227.06337153540962753846869360373111470396809866515630567231179039392091529173843,DIMENSIONLESS_NO_UNIT_ATTACHED
celdas,4,INTERNAL_ATLAS,1,4,1,4,4,lepton,neutrino,4,G4,,neutrino_G4,30|-6|-4|-2|-8|0++---0++---,r1c4_h+1v+1,"(1,1)",0++---0++---,56,5,"(80,54,7)","(56,54,5)",79.60672133621751972652496,55.60649894337213544641686,1.000000055189889622315337,1.000000038550972354141645,30|-6|-4|-2|-8|0++---0++---|0,4.6105813168311999322639543190480382287937435892524365550071976997369779459012266,4.6084387409444946746699465012516483986087981075390727825847180700957099617749393,DIMENSIONLESS_NO_UNIT_ATTACHED
celdas,5,INTERNAL_ATLAS,1,5,1,5,5,lepton,charged_lepton,4,G4,,charged_lepton_G4,34|0|-8|0|-8|+0+---+0+---,r1c5_h+1v-1,"(1,-1)",+++---+++---,80,6,"(40,24,2)","(80,54,6)",39.82508593118257305617326,79.60661013979482758647091,1.000000027610006159514215,1.000000055189812531859140,34|0|-8|0|-8|+0+---+0+---|0,4.6105813168311999322639543190480382287937435892524365550071976997369779459012266,4.6167375850353218919393199006106846477801027274195165409614336901175850634757750,DIMENSIONLESS_NO_UNIT_ATTACHED
celdas,6,INTERNAL_ATLAS,1,6,1,6,6,lepton,neutrino,4,G4,,neutrino_G4,34|0|-4|0|-12|+++---+++---,r1c6_h-1v-1,"(-1,-1)",+++---+++---,80,6,"(80,66,2)","(80,54,6)",79.51859712327265341428729,79.60661013979482758647091,1.000000055128794709248880,1.000000055189812531859140,34|0|-4|0|-12|+++---+++---|0,22.060178884148178868387400210597551492881040475279460640841892959872301811944733,22.049927333620041670628268468423633437089962360355661732535699486376054424250445,DIMENSIONLESS_NO_UNIT_ATTACHED
celdas,7,INTERNAL_ATLAS,1,7,1,7,7,lepton,charged_lepton,4,G4,,charged_lepton_G4,30|6|4|0|-12|+++---+++---,r1c7_h-1v+1,"(-1,1)",+++---+++---,80,6,"(60,78,25)","(80,54,6)",59.43358641016316702356304,79.60661013979482758647091,1.000000041204222405344905,1.000000055189812531859140,30|6|4|0|-12|+++---+++---|0,1.9938042977184429874711656325521407990695587799260708164016715755933163031772505,1.9964265300974514394438334516578470528418040258218041533657681260450340226834228,DIMENSIONLESS_NO_UNIT_ATTACHED
celdas,8,INTERNAL_ATLAS,1,8,1,8,8,lepton,neutrino,4,G4,,neutrino_G4,28|6|2|0|-12|+++---+++---,r1c8_h+1v-1,"(1,-1)",0++--00++--0,36,4,"(40,24,2)","(36,54,4)",39.82508593118257305617326,35.60638774694944330636281,1.000000027610006159514215,1.000000024685259569118152,28|6|2|0|-12|+++---+++---|0,4.6105813168311999322639543190480382287937435892524365550071976997369779459012266,4.6064816993610338490104975408442784786797640862409622751475689092278906511717424,DIMENSIONLESS_NO_UNIT_ATTACHED
celdas,9,INTERNAL_ATLAS,1,9,1,9,9,lepton,charged_lepton,4,G4,,charged_lepton_G4,28|-6|4|0|-12|+++---+++---,r1c9_h+1v+1,"(1,1)",+++---+++---,80,6,"(80,66,2)","(80,54,6)",79.51859712327265341428729,79.60661013979482758647091,1.000000055128794709248880,1.000000055189812531859140,28|-6|4|0|-12|+++---+++---|0,20.483950351816387880553740761193288725574808678722884293986300483185886511173266,20.492652859554042040444396942592306834516844625907036501273302202641352733565752,DIMENSIONLESS_NO_UNIT_ATTACHED
celdas,10,INTERNAL_ATLAS,1,10,2,1,2,quark,quark_down,4,G4,G,quark_down_G4,28|-6|12|0|-12|+++---+++---,r2c1_h+1v+1,"(1,1)",+++---+++---,80,6,"(100,66,2)","(80,54,6)",99.51859712327265341428729,79.60661013979482758647091,1.000000068994430825936417,1.000000055189812531859140,28|-6|12|0|-12|+++---+++---|0,20.483950351816387880553740761193288725574808678722884293986300483185886511173266,20.510890647774221016290237126797291045223709355974190284397582383538158419148821,DIMENSIONLESS_NO_UNIT_ATTACHED
celdas,11,INTERNAL_ATLAS,1,11,2,2,4,quark,quark_up,3,G3,R,quark_up_G3,24|0|4|0|-12|+++---+++---,r2c2_h-1v+1,"(-1,1)",+++---+++---,80,6,"(60,84,28)","(80,54,6)",59.39013588401554063774148,79.60661013979482758647091,1.000000041174098946741575,1.000000055189812531859140,24|0|4|0|-12|+++---+++---|0,226.64190739892374226994402716113954315949821565107980113993743873431458108977892,226.96239945398614944641634501126514385043417465385445380662816523230901605210987,DIMENSIONLESS_NO_UNIT_ATTACHED
celdas,12,INTERNAL_ATLAS,1,12,2,3,6,quark,quark_down,3,G3,B,quark_down_G3,28|6|4|0|-12|+++---+++---,r2c3_h-1v-1,"(-1,-1)",+++---+++---,80,6,"(80,66,4)","(80,54,6)",79.51881951611803769439539,79.60661013979482758647091,1.000000055128948890161264,1.000000055189812531859140,28|6|4|0|-12|+++---+++---|0,20.483950351816387880553740761193288725574808678722884293986300483185886511173266,20.492652859554042040444396942592306834516844625907036501273302202641352733565752,DIMENSIONLESS_NO_UNIT_ATTACHED
celdas,13,INTERNAL_ATLAS,1,13,2,4,8,quark,quark_up,3,G3,G,quark_up_G3,28|-6|6|0|-12|+++---+++---,r2c4_h+1v-1,"(1,-1)",+++---+++---,80,6,"(40,24,2)","(80,54,6)",39.82508593118257305617326,79.60661013979482758647091,1.000000027610006159514215,1.000000055189812531859140,28|-6|6|0|-12|+++---+++---|0,4.6105813168311999322639543190480382287937435892524365550071976997369779459012266,4.6146845828263138129308812088478015553592731114094108010876228620523085295968490,DIMENSIONLESS_NO_UNIT_ATTACHED
celdas,14,INTERNAL_ATLAS,1,14,2,5,1,quark,quark_down,3,G3,R,quark_down_G3,30|-6|0|0|-12|+++---+++---,r2c5_h+1v+1,"(1,1)",+++---+++---,80,6,"(80,54,6)","(80,54,6)",79.60661013979482758647091,79.60661013979482758647091,1.000000055189812531859140,1.000000055189812531859140,30|-6|0|0|-12|+++---+++---|0,4.6105813168311999322639543190480382287937435892524365550071976997369779459012266,4.6104889644744943963078074570591982444553610733991352662986160492770894204196768,DIMENSIONLESS_NO_UNIT_ATTACHED
celdas,15,INTERNAL_ATLAS,1,15,2,6,3,quark,quark_up,3,G3,B,quark_up_G3,34|0|-16|0|-8|+0+---+0+---,r2c6_h-1v+1,"(-1,1)",+++---+++---,80,6,"(40,78,27)","(80,54,6)",39.43380880300855130367114,79.60661013979482758647091,1.000000027338740854894358,1.000000055189812531859140,34|0|-16|0|-8|+0+---+0+---|0,1.9938042977184429874711656325521407990695587799260708164016715755933163031772505,1.9946513558800892483530910827593730008619334097277610714113193962946492048620724,DIMENSIONLESS_NO_UNIT_ATTACHED
celdas,16,INTERNAL_ATLAS,1,16,2,7,5,quark,quark_down,3,G3,G,quark_down_G3,34|0|0|2|-8|+++0--+++0--,r2c7_h-1v+1,"(-1,1)",++00--++00--,36,4,"(40,24,2)","(36,54,4)",39.82508593118257305617326,35.60638774694944330636281,1.000000027610006159514215,1.000000024685259569118152,34|0|0|2|-8|+++0--+++0--|0,4.6105813168311999322639543190480382287937435892524365550071976997369779459012266,4.6085310522333273174092697782630115346944699724021406391210373974144116456900373,DIMENSIONLESS_NO_UNIT_ATTACHED
celdas,17,INTERNAL_ATLAS,1,17,2,8,7,quark,quark_up,3,G3,R,quark_up_G3,30|6|-8|0|-12|+++---+++---,r2c8_h-1v-1,"(-1,-1)",+++---+++---,80,6,"(80,54,6)","(80,54,6)",79.60661013979482758647091,79.60661013979482758647091,1.000000055189812531859140,1.000000055189812531859140,30|6|-8|0|-12|+++---+++---|0,4.6105813168311999322639543190480382287937435892524365550071976997369779459012266,4.6063894291218117589897362203643936046364122307866880241761915804751549945525031,DIMENSIONLESS_NO_UNIT_ATTACHED
celdas,18,INTERNAL_ATLAS,1,18,2,9,9,quark,quark_down,4,G4,B,quark_down_G4,28|6|-2|0|-12|+++---+++---,r2c9_h-1v+1,"(-1,1)",+++---+++---,80,6,"(40,78,27)","(80,54,6)",39.43380880300855130367114,79.60661013979482758647091,1.000000027338740854894358,1.000000055189812531859140,28|6|-2|0|-12|+++---+++---|0,1.9938042977184429874711656325521407990695587799260708164016715755933163031772505,1.9955387455957509721626726493674694545740796178835690748163947366245178917595900,DIMENSIONLESS_NO_UNIT_ATTACHED
celdas,19,INTERNAL_ATLAS,1,19,3,1,3,lepton,charged_lepton,4,G4,,charged_lepton_G4,28|6|-10|0|-12|+++---+++---,r3c1_h-1v+1,"(-1,1)",+++---+++---,80,6,"(40,84,30)","(80,54,6)",39.39035827686092491784959,79.60661013979482758647091,1.000000027308617396708705,1.000000055189812531859140,28|6|-10|0|-12|+++---+++---|0,226.64190739892374226994402716113954315949821565107980113993743873431458108977892,226.96239945398614944641634501126514385043417465385445380662816523230901605210987,DIMENSIONLESS_NO_UNIT_ATTACHED
celdas,20,INTERNAL_ATLAS,1,20,3,2,6,lepton,neutrino,3,G3,,neutrino_G3,28|-6|-4|-2|-8|0++---0++---,r3c2_h+1v+1,"(1,1)",0++---0++---,56,5,"(80,66,3)","(56,54,5)",79.51870831969534555434134,55.60649894337213544641686,1.000000055128871799705072,1.000000038550972354141645,28|-6|-4|-2|-8|0++---0++---|0,20.483950351816387880553740761193288725574808678722884293986300483185886511173266,20.474431287934345023366353409419847727491512386525373559645031485393763303305543,DIMENSIONLESS_NO_UNIT_ATTACHED
celdas,21,INTERNAL_ATLAS,1,21,3,3,9,lepton,charged_lepton,2,G2,,charged_lepton_G2,24|0|12|0|-12|+++---+++---,r3c3_h+1v-1,"(1,-1)",+++---+++---,80,6,"(0,24,0)","(80,54,6)",-0.1751364616628112239348425,79.60661013979482758647091,0.9999999998785810851337881,1.000000055189812531859140,24|0|12|0|-12|+++---+++---|0,4.6105813168311999322639543190480382287937435892524365550071976997369779459012266,4.6146845828263138129308812088478015553592731114094108010876228620523085295968490,DIMENSIONLESS_NO_UNIT_ATTACHED
celdas,22,INTERNAL_ATLAS,1,22,3,4,3,lepton,neutrino,2,G2,,neutrino_G2,28|6|0|0|-12|+++---+++---,r3c4_h-1v-1,"(-1,-1)",+++---+++---,80,6,"(80,66,3)","(80,54,6)",79.51870831969534555434134,79.60661013979482758647091,1.000000055128871799705072,1.000000055189812531859140,28|6|0|0|-12|+++---+++---|0,20.483950351816387880553740761193288725574808678722884293986300483185886511173266,20.483540047570646996859923013028462364769923319893340929367215402674393960624519,DIMENSIONLESS_NO_UNIT_ATTACHED
celdas,23,INTERNAL_ATLAS,1,23,3,5,6,lepton,charged_lepton,2,G2,,charged_lepton_G2,28|-6|6|0|-8|+0+---+0+---,r3c5_h-1v+1,"(-1,1)",+++---+++---,80,6,"(40,78,27)","(80,54,6)",39.43380880300855130367114,79.60661013979482758647091,1.000000027338740854894358,1.000000055189812531859140,28|-6|6|0|-8|+0+---+0+---|0,1.9938042977184429874711656325521407990695587799260708164016715755933163031772505,1.9955387455957509721626726493674694545740796178835690748163947366245178917595900,DIMENSIONLESS_NO_UNIT_ATTACHED
celdas,24,INTERNAL_ATLAS,1,24,3,6,9,lepton,neutrino,2,G2,,neutrino_G2,30|-6|0|-2|-8|++0---++0---,r3c6_h-1v+1,"(-1,1)",+0000-+0000-,4,2,"(0,24,0)","(4,54,2)",-0.1751364616628112239348425,3.606165354104059026254707,0.9999999998785810851337881,1.000000002500088676796314,30|-6|0|-2|-8|++0---++0---|0,4.6105813168311999322639543190480382287937435892524365550071976997369779459012266,4.6044332578088872074868131912437166869685536849474848833921313262987222683176761,DIMENSIONLESS_NO_UNIT_ATTACHED
celdas,25,INTERNAL_ATLAS,1,25,3,7,3,lepton,charged_lepton,2,G2,,charged_lepton_G2,34|0|-4|0|-12|+++---+++---,r3c7_h+1v+1,"(1,1)",+++---+++---,80,6,"(80,66,3)","(80,54,6)",79.51870831969534555434134,79.60661013979482758647091,1.000000055128871799705072,1.000000055189812531859140,34|0|-4|0|-12|+++---+++---|1,22.060178884148178868387400210597551492881040475279460640841892959872301811944733,22.049927333620041670628268468423633437089962360355661732535699486376054424250445,DIMENSIONLESS_NO_UNIT_ATTACHED
celdas,26,INTERNAL_ATLAS,1,26,3,8,6,lepton,neutrino,3,G3,,neutrino_G3,34|0|0|-2|-8|++0---++0---,r3c8_h-1v+1,"(-1,1)",+++---+++---,80,6,"(40,78,27)","(80,54,6)",39.43380880300855130367114,79.60661013979482758647091,1.000000027338740854894358,1.000000055189812531859140,34|0|0|-2|-8|++0---++0---|0,1.9938042977184429874711656325521407990695587799260708164016715755933163031772505,1.9973147095608248880472347245912598850807505816893393131951391460809818740382880,DIMENSIONLESS_NO_UNIT_ATTACHED
celdas,27,INTERNAL_ATLAS,1,27,3,9,9,lepton,charged_lepton,4,G4,,charged_lepton_G4,30|6|0|2|-8|+++--0+++--0,r3c9_h-1v-1,"(-1,-1)",++0---++0---,56,5,"(40,54,6)","(56,54,5)",39.60661013979482758647091,55.60649894337213544641686,1.000000027458540873559518,1.000000038550972354141645,30|6|0|2|-8|+++--0+++--0|0,4.6105813168311999322639543190480382287937435892524365550071976997369779459012266,4.6104889644744943963078074570591982444553610733991352662986160492770894204196768,DIMENSIONLESS_NO_UNIT_ATTACHED
celdas,28,INTERNAL_ATLAS,1,28,4,1,4,quark,quark_down,4,G4,R,quark_down_G4,30|6|8|0|-12|+++---+++---,r4c1_h-1v-1,"(-1,-1)",+++---+++---,80,6,"(80,54,7)","(80,54,6)",79.60672133621751972652496,79.60661013979482758647091,1.000000055189889622315337,1.000000055189812531859140,30|6|8|0|-12|+++---+++---|0,4.6105813168311999322639543190480382287937435892524365550071976997369779459012266,4.6145921482790429668939365521517203610640804317920937621923686100536579059602450,DIMENSIONLESS_NO_UNIT_ATTACHED
celdas,29,INTERNAL_ATLAS,1,29,4,2,8,quark,quark_up,3,G3,B,quark_up_G3,28|6|-2|0|-12|+++---+++---,r4c2_h+1v-1,"(1,-1)",+++---+++---,80,6,"(40,24,2)","(80,54,6)",39.82508593118257305617326,79.60661013979482758647091,1.000000027610006159514215,1.000000055189812531859140,28|6|-2|0|-12|+++---+++---|1,4.6105813168311999322639543190480382287937435892524365550071976997369779459012266,4.6146845828263138129308812088478015553592731114094108010876228620523085295968490,DIMENSIONLESS_NO_UNIT_ATTACHED
celdas,30,INTERNAL_ATLAS,1,30,4,3,3,quark,quark_down,2,G2,G,quark_down_G2,28|-6|0|0|-12|+++---+++---,r4c3_h+1v+1,"(1,1)",+++---+++---,80,6,"(80,66,2)","(80,54,6)",79.51859712327265341428729,79.60661013979482758647091,1.000000055128794709248880,1.000000055189812531859140,28|-6|0|0|-12|+++---+++---|0,20.483950351816387880553740761193288725574808678722884293986300483185886511173266,20.483540047570646996859923013028462364769923319893340929367215402674393960624519,DIMENSIONLESS_NO_UNIT_ATTACHED
celdas,31,INTERNAL_ATLAS,1,31,4,4,7,quark,quark_up,1,G1,R,quark_up_G1,24|0|12|0|-12|+++---+++---,r4c4_h-1v+1,"(-1,1)",+++---+++---,80,6,"(60,78,25)","(80,54,6)",59.43358641016316702356304,79.60661013979482758647091,1.000000041204222405344905,1.000000055189812531859140,24|0|12|0|-12|+++---+++---|1,1.9938042977184429874711656325521407990695587799260708164016715755933163031772505,1.9955387455957509721626726493674694545740796178835690748163947366245178917595900,DIMENSIONLESS_NO_UNIT_ATTACHED
celdas,32,INTERNAL_ATLAS,1,32,4,5,2,quark,quark_down,1,G1,B,quark_down_G1,28|6|0|0|-12|+++---+++---,r4c5_h+1v-1,"(1,-1)",+0+-0-+0+-0-,40,4,"(40,24,2)","(40,54,4)",39.82508593118257305617326,39.60638774694944330636281,1.000000027610006159514215,1.000000027458386692651400,28|6|0|0|-12|+++---+++---|1,4.6105813168311999322639543190480382287937435892524365550071976997369779459012266,4.6044332578088872074868131912437166869685536849474848833921313262987222683176761,DIMENSIONLESS_NO_UNIT_ATTACHED
celdas,33,INTERNAL_ATLAS,1,33,4,6,6,quark,quark_up,1,G1,G,quark_up_G1,28|-6|10|0|-12|+++---+++---,r4c6_h+1v+1,"(1,1)",+++---+++---,80,6,"(80,66,2)","(80,54,6)",79.51859712327265341428729,79.60661013979482758647091,1.000000055128794709248880,1.000000055189812531859140,28|-6|10|0|-12|+++---+++---|0,20.483950351816387880553740761193288725574808678722884293986300483185886511173266,20.506329679623837272324964907348554448564515301974503943105477257541966034818055,DIMENSIONLESS_NO_UNIT_ATTACHED
celdas,34,INTERNAL_ATLAS,1,34,4,7,1,quark,quark_down,2,G2,R,quark_down_G2,30|-6|0|-2|-8|++0---++0---,r4c7_h-1v+1,"(-1,1)",+++---+++---,80,6,"(60,78,25)","(80,54,6)",59.43358641016316702356304,79.60661013979482758647091,1.000000041204222405344905,1.000000055189812531859140,30|-6|0|-2|-8|++0---++0---|1,1.9938042977184429874711656325521407990695587799260708164016715755933163031772505,1.9955387455957509721626726493674694545740796178835690748163947366245178917595900,DIMENSIONLESS_NO_UNIT_ATTACHED
celdas,35,INTERNAL_ATLAS,1,35,4,8,5,quark,quark_up,3,G3,B,quark_up_G3,34|0|-20|-2|-8|0++---0++---,r4c8_h-1v-1,"(-1,-1)",+++0--+++0--,56,5,"(100,66,0)","(56,54,5)",99.51837473042726913417918,55.60649894337213544641686,1.000000068994276645021895,1.000000038550972354141645,34|0|-20|-2|-8|0++---0++---|0,20.483950351816387880553740761193288725574808678722884293986300483185886511173266,20.438036736831581468429817842190028981902120995235590641926464289396565868256331,DIMENSIONLESS_NO_UNIT_ATTACHED
celdas,36,INTERNAL_ATLAS,1,36,4,9,9,quark,quark_down,4,G4,G,quark_down_G4,34|0|-8|0|-12|+++---+++---,r4c9_h-1v+1,"(-1,1)",+++---+++---,80,6,"(40,84,30)","(80,54,6)",39.39035827686092491784959,79.60661013979482758647091,1.000000027308617396708705,1.000000055189812531859140,34|0|-8|0|-12|+++---+++---|0,226.64190739892374226994402716113954315949821565107980113993743873431458108977892,227.16438853775944196172640281177916679089243448086857981267487032525012885033954,DIMENSIONLESS_NO_UNIT_ATTACHED
celdas,37,INTERNAL_ATLAS,1,37,5,1,5,lepton,charged_lepton,4,G4,,charged_lepton_G4,34|0|-16|0|-8|+++-0-+++-0-,r5c1_h+1v-1,"(1,-1)",+++---+++---,80,6,"(40,24,2)","(80,54,6)",39.82508593118257305617326,79.60661013979482758647091,1.000000027610006159514215,1.000000055189812531859140,34|0|-16|0|-8|+++-0-+++-0-|0,4.6105813168311999322639543190480382287937435892524365550071976997369779459012266,4.6105813168311999322639543190480382287937435892524365550071976997369779459012266,DIMENSIONLESS_NO_UNIT_ATTACHED
celdas,38,INTERNAL_ATLAS,1,38,5,2,1,lepton,neutrino,3,G3,,neutrino_G3,30|6|0|0|-12|+++---+++---,r5c2_h-1v-1,"(-1,-1)",+++---+++---,80,6,"(80,54,6)","(80,54,6)",79.60661013979482758647091,79.60661013979482758647091,1.000000055189812531859140,1.000000055189812531859140,30|6|0|0|-12|+++---+++---|0,4.6105813168311999322639543190480382287937435892524365550071976997369779459012266,4.6104889644744943963078074570591982444553610733991352662986160492770894204196768,DIMENSIONLESS_NO_UNIT_ATTACHED
celdas,39,INTERNAL_ATLAS,1,39,5,3,6,lepton,charged_lepton,2,G2,,charged_lepton_G2,28|6|2|0|-12|+++---+++---,r5c3_h-1v+1,"(-1,1)",+++---+++---,80,6,"(40,78,27)","(80,54,6)",39.43380880300855130367114,79.60661013979482758647091,1.000000027338740854894358,1.000000055189812531859140,28|6|2|0|-12|+++---+++---|1,1.9938042977184429874711656325521407990695587799260708164016715755933163031772505,1.9964265300974514394438334516578470528418040258218041533657681260450340226834228,DIMENSIONLESS_NO_UNIT_ATTACHED
celdas,40,INTERNAL_ATLAS,1,40,5,4,2,lepton,neutrino,1,G1,,neutrino_G1,28|-6|4|0|-12|+++---+++---,r5c4_h+1v-1,"(1,-1)",+0+-0-+0+-0-,40,4,"(40,24,2)","(40,54,4)",39.82508593118257305617326,39.60638774694944330636281,1.000000027610006159514215,1.000000027458386692651400,28|-6|4|0|-12|+++---+++---|1,4.6105813168311999322639543190480382287937435892524365550071976997369779459012266,4.6044332578088872074868131912437166869685536849474848833921313262987222683176761,DIMENSIONLESS_NO_UNIT_ATTACHED
celdas,41,INTERNAL_ATLAS,1,41,5,5,7,lepton,charged_lepton,0,G0_center,,charged_lepton_G0,24|0|12|0|-12|+++---+++---,r5c5_h+1v+1,"(1,1)",+++---+++---,80,6,"(80,54,6)","(80,54,6)",79.60661013979482758647091,79.60661013979482758647091,1.000000055189812531859140,1.000000055189812531859140,24|0|12|0|-12|+++---+++---|2,4.6105813168311999322639543190480382287937435892524365550071976997369779459012266,4.6166451093653423689242977791211414331938808964200585089226203339061276347779220,DIMENSIONLESS_NO_UNIT_ATTACHED
celdas,42,INTERNAL_ATLAS,1,42,5,6,3,lepton,neutrino,1,G1,,neutrino_G1,28|6|-4|0|-12|+++---+++---,r5c6_h-1v+1,"(-1,1)",+++---+++---,80,6,"(40,78,27)","(80,54,6)",39.43380880300855130367114,79.60661013979482758647091,1.000000027338740854894358,1.000000055189812531859140,28|6|-4|0|-12|+++---+++---|1,1.9938042977184429874711656325521407990695587799260708164016715755933163031772505,1.9946513558800892483530910827593730008619334097277610714113193962946492048620724,DIMENSIONLESS_NO_UNIT_ATTACHED
celdas,43,INTERNAL_ATLAS,1,43,5,7,8,lepton,charged_lepton,2,G2,,charged_lepton_G2,28|-6|6|0|-12|+++---+++---,r5c7_h+1v+1,"(1,1)",+++---+++---,80,6,"(100,66,2)","(80,54,6)",99.51859712327265341428729,79.60661013979482758647091,1.000000068994430825936417,1.000000055189812531859140,28|-6|6|0|-12|+++---+++---|1,20.483950351816387880553740761193288725574808678722884293986300483185886511173266,20.497210785739251546096110922840140143860912816666078550711189472236406914184592,DIMENSIONLESS_NO_UNIT_ATTACHED
celdas,44,INTERNAL_ATLAS,1,44,5,8,4,lepton,neutrino,3,G3,,neutrino_G3,30|-6|8|0|-12|+++---+++---,r5c8_h-1v+1,"(-1,1)",+++---+++---,80,6,"(60,84,28)","(80,54,6)",59.39013588401554063774148,79.60661013979482758647091,1.000000041174098946741575,1.000000055189812531859140,30|-6|8|0|-12|+++---+++---|0,226.64190739892374226994402716113954315949821565107980113993743873431458108977892,227.36655738518548809449003021401143210365874948303069071037073348606816800837327,DIMENSIONLESS_NO_UNIT_ATTACHED
celdas,45,INTERNAL_ATLAS,1,45,5,9,9,lepton,charged_lepton,4,G4,,charged_lepton_G4,34|0|-12|-2|-8|0++---0++---,r5c9_h-1v-1,"(-1,-1)",+++0--+++0--,56,5,"(80,66,4)","(56,54,5)",79.51881951611803769439539,55.60649894337213544641686,1.000000055128948890161264,1.000000038550972354141645,34|0|-12|-2|-8|0++---0++---|0,20.483950351816387880553740761193288725574808678722884293986300483185886511173266,20.456225918495720768249202601674296763260512390624189258991675742166640275928905,DIMENSIONLESS_NO_UNIT_ATTACHED
celdas,46,INTERNAL_ATLAS,1,46,6,1,6,quark,quark_down,4,G4,B,quark_down_G4,34|0|-4|0|-12|+++---+++---,r6c1_h-1v-1,"(-1,-1)",+++---+++---,80,6,"(80,66,3)","(80,54,6)",79.51870831969534555434134,79.60661013979482758647091,1.000000055128871799705072,1.000000055189812531859140,34|0|-4|0|-12|+++---+++---|2,20.483950351816387880553740761193288725574808678722884293986300483185886511173266,20.474431287934345023366353409419847727491512386525373559645031485393763303305543,DIMENSIONLESS_NO_UNIT_ATTACHED
celdas,47,INTERNAL_ATLAS,1,47,6,2,3,quark,quark_up,3,G3,G,quark_up_G3,34|0|0|0|-8|+0+---+0+---,r6c2_h-1v+1,"(-1,1)",+++---+++---,80,6,"(40,78,27)","(80,54,6)",39.43380880300855130367114,79.60661013979482758647091,1.000000027338740854894358,1.000000055189812531859140,34|0|0|0|-8|+0+---+0+---|0,1.9938042977184429874711656325521407990695587799260708164016715755933163031772505,1.9973147095608248880472347245912598850807505816893393131951391460809818740382880,DIMENSIONLESS_NO_UNIT_ATTACHED
celdas,48,INTERNAL_ATLAS,1,48,6,3,9,quark,quark_down,2,G2,R,quark_down_G2,30|6|0|2|-8|+++0--+++0--,r6c3_h-1v+1,"(-1,1)",00+-0000+-00,4,2,"(0,24,0)","(4,54,2)",-0.1751364616628112239348425,3.606165354104059026254707,0.9999999998785810851337881,1.000000002500088676796314,30|6|0|2|-8|+++0--+++0--|0,4.6105813168311999322639543190480382287937435892524365550071976997369779459012266,4.6044332578088872074868131912437166869685536849474848833921313262987222683176761,DIMENSIONLESS_NO_UNIT_ATTACHED
celdas,49,INTERNAL_ATLAS,1,49,6,4,6,quark,quark_up,1,G1,B,quark_up_G1,28|6|-2|0|-12|+++---+++---,r6c4_h-1v-1,"(-1,-1)",+++---+++---,80,6,"(80,66,3)","(80,54,6)",79.51870831969534555434134,79.60661013979482758647091,1.000000055128871799705072,1.000000055189812531859140,28|6|-2|0|-12|+++---+++---|2,20.483950351816387880553740761193288725574808678722884293986300483185886511173266,20.478985161321754737722740624894573870940950450239584002241384155727468649237538,DIMENSIONLESS_NO_UNIT_ATTACHED
celdas,50,INTERNAL_ATLAS,1,50,6,5,3,quark,quark_down,1,G1,G,quark_down_G1,28|-6|4|-2|-8|++0---++0---,r6c5_h-1v+1,"(-1,1)",+++---+++---,80,6,"(40,78,27)","(80,54,6)",39.43380880300855130367114,79.60661013979482758647091,1.000000027338740854894358,1.000000055189812531859140,28|-6|4|-2|-8|++0---++0---|0,1.9938042977184429874711656325521407990695587799260708164016715755933163031772505,1.9955387455957509721626726493674694545740796178835690748163947366245178917595900,DIMENSIONLESS_NO_UNIT_ATTACHED
celdas,51,INTERNAL_ATLAS,1,51,6,6,9,quark,quark_up,1,G1,R,quark_up_G1,24|0|12|0|-12|+++---+++---,r6c6_h+1v+1,"(1,1)",+++---+++---,80,6,"(40,54,6)","(80,54,6)",39.60661013979482758647091,79.60661013979482758647091,1.000000027458540873559518,1.000000055189812531859140,24|0|12|0|-12|+++---+++---|3,4.6105813168311999322639543190480382287937435892524365550071976997369779459012266,4.6166451093653423689242977791211414331938808964200585089226203339061276347779220,DIMENSIONLESS_NO_UNIT_ATTACHED
celdas,52,INTERNAL_ATLAS,1,52,6,7,6,quark,quark_down,2,G2,B,quark_down_G2,28|6|-8|0|-12|+++---+++---,r6c7_h-1v+1,"(-1,1)",+++---+++---,80,6,"(40,84,30)","(80,54,6)",39.39035827686092491784959,79.60661013979482758647091,1.000000027308617396708705,1.000000055189812531859140,28|6|-8|0|-12|+++---+++---|0,226.64190739892374226994402716113954315949821565107980113993743873431458108977892,226.96239945398614944641634501126514385043417465385445380662816523230901605210987,DIMENSIONLESS_NO_UNIT_ATTACHED
celdas,53,INTERNAL_ATLAS,1,53,6,8,3,quark,quark_up,3,G3,G,quark_up_G3,28|-6|-2|-2|-8|0++---0++---,r6c8_h+1v+1,"(1,1)",0++---0++---,56,5,"(80,66,3)","(56,54,5)",79.51870831969534555434134,55.60649894337213544641686,1.000000055128871799705072,1.000000038550972354141645,28|-6|-2|-2|-8|0++---0++---|0,20.483950351816387880553740761193288725574808678722884293986300483185886511173266,20.478985161321754737722740624894573870940950450239584002241384155727468649237538,DIMENSIONLESS_NO_UNIT_ATTACHED
celdas,54,INTERNAL_ATLAS,1,54,6,9,9,quark,quark_down,4,G4,R,quark_down_G4,30|-6|0|0|-8|+0+---+0+---,r6c9_h+1v-1,"(1,-1)",+++---+++---,80,6,"(0,24,0)","(80,54,6)",-0.1751364616628112239348425,79.60661013979482758647091,0.9999999998785810851337881,1.000000055189812531859140,30|-6|0|0|-8|+0+---+0+---|0,4.6105813168311999322639543190480382287937435892524365550071976997369779459012266,4.6146845828263138129308812088478015553592731114094108010876228620523085295968490,DIMENSIONLESS_NO_UNIT_ATTACHED
celdas,55,INTERNAL_ATLAS,1,55,7,1,7,lepton,charged_lepton,4,G4,,charged_lepton_G4,30|-6|-8|0|-8|+0+---+0+---,r7c1_h-1v+1,"(-1,1)",+++---+++---,80,6,"(60,78,25)","(80,54,6)",59.43358641016316702356304,79.60661013979482758647091,1.000000041204222405344905,1.000000055189812531859140,30|-6|-8|0|-8|+0+---+0+---|0,1.9938042977184429874711656325521407990695587799260708164016715755933163031772505,1.9937643607749101323895688444927095000718846866769754555883118205063435380637509,DIMENSIONLESS_NO_UNIT_ATTACHED
celdas,56,INTERNAL_ATLAS,1,56,7,2,5,lepton,neutrino,3,G3,,neutrino_G3,34|0|-4|-2|-8|++0---++0---,r7c2_h-1v+1,"(-1,1)",0++--00++--0,36,4,"(40,24,2)","(36,54,4)",39.82508593118257305617326,35.60638774694944330636281,1.000000027610006159514215,1.000000024685259569118152,34|0|-4|-2|-8|++0---++0---|0,4.6105813168311999322639543190480382287937435892524365550071976997369779459012266,4.6085310522333273174092697782630115346944699724021406391210373974144116456900373,DIMENSIONLESS_NO_UNIT_ATTACHED
celdas,57,INTERNAL_ATLAS,1,57,7,3,3,lepton,charged_lepton,2,G2,,charged_lepton_G2,34|0|-12|0|-12|+++---+++---,r7c3_h+1v+1,"(1,1)",+++---+++---,80,6,"(80,66,2)","(80,54,6)",79.51859712327265341428729,79.60661013979482758647091,1.000000055128794709248880,1.000000055189812531859140,34|0|-12|0|-12|+++---+++---|0,20.483950351816387880553740761193288725574808678722884293986300483185886511173266,20.456225918495720768249202601674296763260512390624189258991675742166640275928905,DIMENSIONLESS_NO_UNIT_ATTACHED
celdas,58,INTERNAL_ATLAS,1,58,7,4,1,lepton,neutrino,2,G2,,neutrino_G2,30|6|0|0|-12|+++---+++---,r7c4_h-1v+1,"(-1,1)",+++---+++---,80,6,"(60,78,25)","(80,54,6)",59.43358641016316702356304,79.60661013979482758647091,1.000000041204222405344905,1.000000055189812531859140,30|6|0|0|-12|+++---+++---|1,1.9938042977184429874711656325521407990695587799260708164016715755933163031772505,1.9955387455957509721626726493674694545740796178835690748163947366245178917595900,DIMENSIONLESS_NO_UNIT_ATTACHED
celdas,59,INTERNAL_ATLAS,1,59,7,5,8,lepton,charged_lepton,2,G2,,charged_lepton_G2,28|6|-2|0|-12|+++---+++---,r7c5_h-1v-1,"(-1,-1)",+++---+++---,80,6,"(100,66,0)","(80,54,6)",99.51837473042726913417918,79.60661013979482758647091,1.000000068994276645021895,1.000000055189812531859140,28|6|-2|0|-12|+++---+++---|3,20.483950351816387880553740761193288725574808678722884293986300483185886511173266,20.478985161321754737722740624894573870940950450239584002241384155727468649237538,DIMENSIONLESS_NO_UNIT_ATTACHED
celdas,60,INTERNAL_ATLAS,1,60,7,6,6,lepton,neutrino,2,G2,,neutrino_G2,28|-6|8|0|-12|+++---+++---,r7c6_h-1v+1,"(-1,1)",+++---+++---,80,6,"(40,84,30)","(80,54,6)",39.39035827686092491784959,79.60661013979482758647091,1.000000027308617396708705,1.000000055189812531859140,28|-6|8|0|-12|+++---+++---|0,226.64190739892374226994402716113954315949821565107980113993743873431458108977892,227.26545048102022207577493840924146742880885175601445962406032163069357139292892,DIMENSIONLESS_NO_UNIT_ATTACHED
celdas,61,INTERNAL_ATLAS,1,61,7,7,4,lepton,charged_lepton,2,G2,,charged_lepton_G2,24|0|4|0|-12|+++---+++---,r7c7_h-1v-1,"(-1,-1)",+++---+++---,80,6,"(80,54,7)","(80,54,6)",79.60672133621751972652496,79.60661013979482758647091,1.000000055189889622315337,1.000000055189812531859140,24|0|4|0|-12|+++---+++---|1,4.6105813168311999322639543190480382287937435892524365550071976997369779459012266,4.6125401001174154894541662891569719968072399014321567792068948205745386936810738,DIMENSIONLESS_NO_UNIT_ATTACHED
celdas,62,INTERNAL_ATLAS,1,62,7,8,2,lepton,neutrino,3,G3,,neutrino_G3,28|6|8|0|-12|+++---+++---,r7c8_h+1v-1,"(1,-1)",+++---+++---,80,6,"(40,24,2)","(80,54,6)",39.82508593118257305617326,79.60661013979482758647091,1.000000027610006159514215,1.000000055189812531859140,28|6|8|0|-12|+++---+++---|0,4.6105813168311999322639543190480382287937435892524365550071976997369779459012266,4.6187915005934429043913941767657344941689454724783184363579987849947111383797836,DIMENSIONLESS_NO_UNIT_ATTACHED
celdas,63,INTERNAL_ATLAS,1,63,7,9,9,lepton,charged_lepton,4,G4,,charged_lepton_G4,28|-6|6|0|-12|+++---+++---,r7c9_h+1v+1,"(1,1)",+++---+++---,80,6,"(80,66,2)","(80,54,6)",79.51859712327265341428729,79.60661013979482758647091,1.000000055128794709248880,1.000000055189812531859140,28|-6|6|0|-12|+++---+++---|2,20.483950351816387880553740761193288725574808678722884293986300483185886511173266,20.497210785739251546096110922840140143860912816666078550711189472236406914184592,DIMENSIONLESS_NO_UNIT_ATTACHED
celdas,64,INTERNAL_ATLAS,1,64,8,1,8,quark,quark_down,4,G4,G,quark_down_G4,28|-6|10|0|-12|+++---+++---,r8c1_h+1v-1,"(1,-1)",++00--++00--,36,4,"(40,24,2)","(36,54,4)",39.82508593118257305617326,35.60638774694944330636281,1.000000027610006159514215,1.000000024685259569118152,28|-6|10|0|-12|+++---+++---|1,4.6105813168311999322639543190480382287937435892524365550071976997369779459012266,4.6064816993610338490104975408442784786797640862409622751475689092278906511717424,DIMENSIONLESS_NO_UNIT_ATTACHED
celdas,65,INTERNAL_ATLAS,1,65,8,2,7,quark,quark_up,3,G3,R,quark_up_G3,30|-6|4|0|-12|+++---+++---,r8c2_h+1v+1,"(1,1)",+++---+++---,80,6,"(80,54,6)","(80,54,6)",79.60661013979482758647091,79.60661013979482758647091,1.000000055189812531859140,1.000000055189812531859140,30|-6|4|0|-12|+++---+++---|0,4.6105813168311999322639543190480382287937435892524365550071976997369779459012266,4.6125401001174154894541662891569719968072399014321567792068948205745386936810738,DIMENSIONLESS_NO_UNIT_ATTACHED
celdas,66,INTERNAL_ATLAS,1,66,8,3,6,quark,quark_down,3,G3,B,quark_down_G3,34|0|-8|-2|-8|++0---++0---,r8c3_h-1v+1,"(-1,1)",+++---+++---,80,6,"(40,78,27)","(80,54,6)",39.43380880300855130367114,79.60661013979482758647091,1.000000027338740854894358,1.000000055189812531859140,34|0|-8|-2|-8|++0---++0---|0,1.9938042977184429874711656325521407990695587799260708164016715755933163031772505,1.9964265300974514394438334516578470528418040258218041533657681260450340226834228,DIMENSIONLESS_NO_UNIT_ATTACHED
celdas,67,INTERNAL_ATLAS,1,67,8,4,5,quark,quark_up,3,G3,G,quark_up_G3,34|0|-4|2|-8|+++--0+++--0,r8c4_h+1v+1,"(1,1)",+++--0+++--0,56,5,"(100,66,2)","(56,54,5)",99.51859712327265341428729,55.60649894337213544641686,1.000000068994430825936417,1.000000038550972354141645,34|0|-4|2|-8|+++--0+++--0|0,20.483950351816387880553740761193288725574808678722884293986300483185886511173266,20.474431287934345023366353409419847727491512386525373559645031485393763303305543,DIMENSIONLESS_NO_UNIT_ATTACHED
celdas,68,INTERNAL_ATLAS,1,68,8,5,4,quark,quark_down,3,G3,R,quark_down_G3,30|6|-4|0|-12|+++---+++---,r8c5_h-1v+1,"(-1,1)",+++---+++---,80,6,"(60,84,28)","(80,54,6)",59.39013588401554063774148,79.60661013979482758647091,1.000000041174098946741575,1.000000055189812531859140,30|6|-4|0|-12|+++---+++---|0,226.64190739892374226994402716113954315949821565107980113993743873431458108977892,227.06337153540962753846869360373111470396809866515630567231179039392091529173843,DIMENSIONLESS_NO_UNIT_ATTACHED
celdas,69,INTERNAL_ATLAS,1,69,8,6,3,quark,quark_up,3,G3,B,quark_up_G3,28|6|-6|0|-12|+++---+++---,r8c6_h-1v-1,"(-1,-1)",+++---+++---,80,6,"(80,66,4)","(80,54,6)",79.51881951611803769439539,79.60661013979482758647091,1.000000055128948890161264,1.000000055189812531859140,28|6|-6|0|-12|+++---+++---|0,20.483950351816387880553740761193288725574808678722884293986300483185886511173266,20.469878427183189752194962862741157889594196557274890154540663848364152013860814,DIMENSIONLESS_NO_UNIT_ATTACHED
celdas,70,INTERNAL_ATLAS,1,70,8,7,2,quark,quark_down,3,G3,G,quark_down_G3,28|-6|0|0|-12|+++---+++---,r8c7_h+1v-1,"(1,-1)",+++---+++---,80,6,"(40,24,2)","(80,54,6)",39.82508593118257305617326,79.60661013979482758647091,1.000000027610006159514215,1.000000055189812531859140,28|-6|0|0|-12|+++---+++---|1,4.6105813168311999322639543190480382287937435892524365550071976997369779459012266,4.6126324935602643837598585655433836100242039947481813392163797708404721224033619,DIMENSIONLESS_NO_UNIT_ATTACHED
celdas,71,INTERNAL_ATLAS,1,71,8,8,1,quark,quark_up,3,G3,R,quark_up_G3,24|0|8|0|-12|+++---+++---,r8c8_h+1v+1,"(1,1)",+++---+++---,80,6,"(80,54,6)","(80,54,6)",79.60661013979482758647091,79.60661013979482758647091,1.000000055189812531859140,1.000000055189812531859140,24|0|8|0|-12|+++---+++---|1,4.6105813168311999322639543190480382287937435892524365550071976997369779459012266,4.6145921482790429668939365521517203610640804317920937621923686100536579059602450,DIMENSIONLESS_NO_UNIT_ATTACHED
celdas,72,INTERNAL_ATLAS,1,72,8,9,9,quark,quark_down,4,G4,B,quark_down_G4,28|6|0|0|-12|+++---+++---,r8c9_h-1v+1,"(-1,1)",+++---+++---,80,6,"(40,78,27)","(80,54,6)",39.43380880300855130367114,79.60661013979482758647091,1.000000027338740854894358,1.000000055189812531859140,28|6|0|0|-12|+++---+++---|2,1.9938042977184429874711656325521407990695587799260708164016715755933163031772505,1.9955387455957509721626726493674694545740796178835690748163947366245178917595900,DIMENSIONLESS_NO_UNIT_ATTACHED
celdas,73,INTERNAL_ATLAS,1,73,9,1,9,lepton,charged_lepton,4,G4,,charged_lepton_G4,28|6|0|0|-12|+++---+++---,r9c1_h-1v-1,"(-1,-1)",+++---+++---,80,6,"(80,66,3)","(80,54,6)",79.51870831969534555434134,79.60661013979482758647091,1.000000055128871799705072,1.000000055189812531859140,28|6|0|0|-12|+++---+++---|3,20.483950351816387880553740761193288725574808678722884293986300483185886511173266,20.483540047570646996859923013028462364769923319893340929367215402674393960624519,DIMENSIONLESS_NO_UNIT_ATTACHED
celdas,74,INTERNAL_ATLAS,1,74,9,2,9,lepton,neutrino,4,G4,,neutrino_G4,28|-6|6|-2|-8|++0---++0---,r9c2_h-1v+1,"(-1,1)",+++---+++---,80,6,"(40,78,27)","(80,54,6)",39.43380880300855130367114,79.60661013979482758647091,1.000000027338740854894358,1.000000055189812531859140,28|-6|6|-2|-8|++0---++0---|0,1.9938042977184429874711656325521407990695587799260708164016715755933163031772505,1.9955387455957509721626726493674694545740796178835690748163947366245178917595900,DIMENSIONLESS_NO_UNIT_ATTACHED
celdas,75,INTERNAL_ATLAS,1,75,9,3,9,lepton,charged_lepton,4,G4,,charged_lepton_G4,30|-6|0|-2|-8|0++---0++---,r9c3_h+1v+1,"(1,1)",0++---0++---,56,5,"(40,54,6)","(56,54,5)",39.60661013979482758647091,55.60649894337213544641686,1.000000027458540873559518,1.000000038550972354141645,30|-6|0|-2|-8|0++---0++---|0,4.6105813168311999322639543190480382287937435892524365550071976997369779459012266,4.6104889644744943963078074570591982444553610733991352662986160492770894204196768,DIMENSIONLESS_NO_UNIT_ATTACHED
celdas,76,INTERNAL_ATLAS,1,76,9,4,9,lepton,neutrino,4,G4,,neutrino_G4,34|0|-12|0|-12|+++---+++---,r9c4_h-1v+1,"(-1,1)",+++---+++---,80,6,"(40,84,30)","(80,54,6)",39.39035827686092491784959,79.60661013979482758647091,1.000000027308617396708705,1.000000055189812531859140,34|0|-12|0|-12|+++---+++---|1,226.64190739892374226994402716113954315949821565107980113993743873431458108977892,227.16438853775944196172640281177916679089243448086857981267487032525012885033954,DIMENSIONLESS_NO_UNIT_ATTACHED
celdas,77,INTERNAL_ATLAS,1,77,9,5,9,lepton,charged_lepton,4,G4,,charged_lepton_G4,34|0|-8|-2|-8|0++---0++---,r9c5_h-1v-1,"(-1,-1)",+++0--+++0--,56,5,"(80,66,3)","(56,54,5)",79.51870831969534555434134,55.60649894337213544641686,1.000000055128871799705072,1.000000038550972354141645,34|0|-8|-2|-8|0++---0++---|0,22.060178884148178868387400210597551492881040475279460640841892959872301811944733,22.040122022252308123148135855973659608655411158942782139399568402109344621620124,DIMENSIONLESS_NO_UNIT_ATTACHED
celdas,78,INTERNAL_ATLAS,1,78,9,6,9,lepton,neutrino,4,G4,,neutrino_G4,30|6|0|0|-8|+++-0-+++-0-,r9c6_h+1v-1,"(1,-1)",+++---+++---,80,6,"(0,24,0)","(80,54,6)",-0.1751364616628112239348425,79.60661013979482758647091,0.9999999998785810851337881,1.000000055189812531859140,30|6|0|0|-8|+++-0-+++-0-|0,4.6105813168311999322639543190480382287937435892524365550071976997369779459012266,4.6146845828263138129308812088478015553592731114094108010876228620523085295968490,DIMENSIONLESS_NO_UNIT_ATTACHED
celdas,79,INTERNAL_ATLAS,1,79,9,7,9,lepton,charged_lepton,4,G4,,charged_lepton_G4,28|6|-2|0|-12|+++---+++---,r9c7_h-1v-1,"(-1,-1)",+++---+++---,80,6,"(80,66,3)","(80,54,6)",79.51870831969534555434134,79.60661013979482758647091,1.000000055128871799705072,1.000000055189812531859140,28|6|-2|0|-12|+++---+++---|4,20.483950351816387880553740761193288725574808678722884293986300483185886511173266,20.478985161321754737722740624894573870940950450239584002241384155727468649237538,DIMENSIONLESS_NO_UNIT_ATTACHED
celdas,80,INTERNAL_ATLAS,1,80,9,8,9,lepton,neutrino,4,G4,,neutrino_G4,28|-6|4|0|-8|+0+---+0+---,r9c8_h-1v+1,"(-1,1)",+++---+++---,80,6,"(40,78,27)","(80,54,6)",39.43380880300855130367114,79.60661013979482758647091,1.000000027338740854894358,1.000000055189812531859140,28|-6|4|0|-8|+0+---+0+---|0,1.9938042977184429874711656325521407990695587799260708164016715755933163031772505,1.9955387455957509721626726493674694545740796178835690748163947366245178917595900,DIMENSIONLESS_NO_UNIT_ATTACHED
celdas,81,INTERNAL_ATLAS,1,81,9,9,9,lepton,charged_lepton,4,G4,,charged_lepton_G4,24|0|12|0|-12|+++---+++---,r9c9_h-1v+1,"(-1,1)",0+00-00+00-0,24,2,"(0,24,0)","(24,54,2)",-0.1751364616628112239348425,23.60616535410405902625471,0.9999999998785810851337881,1.000000016365724063753403,24|0|12|0|-12|+++---+++---|4,4.6105813168311999322639543190480382287937435892524365550071976997369779459012266,4.6044332578088872074868131912437166869685536849474848833921313262987222683176761,DIMENSIONLESS_NO_UNIT_ATTACHED
