t,num_selected,phi_fixed,phi_value,pi_plus_e_fixed,pi_plus_e_value,actual_rows,resolution_depth,survivors_h1,survivors_h2,survivors_h3,survivors_h9,actual_chain_count_h9
5,2,True,221021,True,012100,111201|201202|221021,2,2,1,1,1,3
6,6,True,200221,True,101001,212121|222210|200221,3,6,3,1,1,3
7,11,True,110110,True,112000,200121|212212|110110,3,11,3,1,1,5
8,3,True,010122,True,120212,100100|020112|010122,3,3,2,1,1,11
9,3,True,112002,True,210110,101222|112221|112002,2,3,1,1,1,6
10,11,True,100021,True,102210,022212|110001|100021,2,11,1,1,1,1
11,3,True,000120,True,211201,012012|202222|000120,2,3,1,1,1,1
12,5,True,211122,True,220012,111210|112102|211122,2,5,1,1,1,5
13,3,True,202200,True,220021,121011|102010|202200,2,3,1,1,1,10
14,3,True,202110,True,222210,200220|022020|202110,2,3,1,1,1,2
15,5,True,221000,True,012212,120210|222002|221000,2,5,1,1,1,3
16,11,True,100102,True,012111,000101|012010|100102,2,11,1,1,1,6
17,6,True,111122,True,020122,022010|001112|111122,2,6,1,1,1,6
20,5,True,211021,True,211122,221022|020100|211021,3,5,5,1,1,20
21,2,True,101021,True,202011,201100|001211|101021,3,2,2,1,1,2
23,3,True,210002,True,222220,121101|101122|210002,3,3,2,1,1,4
24,3,True,012220,True,222121,201010|021111|012220,2,3,1,1,1,6
25,6,True,121011,True,112212,001000|111212|121011,3,6,6,1,1,5
