lambda_projective,survivor_count,survivors,selects_real_uniquely,is_dual_unit_class
000001,0,[],False,False
000010,0,[],False,False
000011,0,[],False,False
000012,0,[],False,False
000100,0,[],False,False
000101,0,[],False,False
000102,0,[],False,False
000110,0,[],False,False
000111,0,[],False,False
000112,0,[],False,False
000120,0,[],False,False
000121,0,[],False,False
000122,0,[],False,False
001000,0,[],False,False
001001,0,[],False,False
001002,0,[],False,False
001010,0,[],False,False
001011,0,[],False,False
001012,0,[],False,False
001020,0,[],False,False
001021,0,[],False,False
001022,2,"[1, 2]",False,False
001100,0,[],False,False
001101,2,"[0, 3]",False,False
001102,0,[],False,False
001110,0,[],False,False
001111,0,[],False,False
001112,0,[],False,False
001120,0,[],False,False
001121,0,[],False,False
001122,0,[],False,False
001200,0,[],False,False
001201,0,[],False,False
001202,0,[],False,False
001210,0,[],False,False
001211,0,[],False,False
001212,0,[],False,False
001220,0,[],False,False
001221,0,[],False,False
001222,0,[],False,False
010000,0,[],False,False
010001,0,[],False,False
010002,0,[],False,False
010010,0,[],False,False
010011,0,[],False,False
010012,0,[],False,False
010020,0,[],False,False
010021,0,[],False,False
010022,0,[],False,False
010100,0,[],False,False
010101,0,[],False,False
010102,0,[],False,False
010110,0,[],False,False
010111,0,[],False,False
010112,0,[],False,False
010120,0,[],False,False
010121,0,[],False,False
010122,0,[],False,False
010200,4,"[0, 1, 2, 3]",False,False
010201,0,[],False,False
010202,0,[],False,False
010210,0,[],False,False
010211,0,[],False,False
010212,0,[],False,False
010220,0,[],False,False
010221,0,[],False,False
010222,0,[],False,False
011000,0,[],False,False
011001,2,"[0, 3]",False,False
011002,0,[],False,False
011010,0,[],False,False
011011,0,[],False,False
011012,0,[],False,False
011020,0,[],False,False
011021,0,[],False,False
011022,0,[],False,False
011100,0,[],False,False
011101,0,[],False,False
011102,0,[],False,False
011110,0,[],False,False
011111,0,[],False,False
011112,0,[],False,False
011120,0,[],False,False
011121,0,[],False,False
011122,0,[],False,False
011200,0,[],False,False
011201,0,[],False,False
011202,0,[],False,False
011210,0,[],False,False
011211,0,[],False,False
011212,0,[],False,False
011220,0,[],False,False
011221,0,[],False,False
011222,2,"[1, 2]",False,False
012000,0,[],False,False
012001,0,[],False,False
012002,0,[],False,False
012010,0,[],False,False
012011,0,[],False,False
012012,0,[],False,False
012020,0,[],False,False
012021,0,[],False,False
012022,0,[],False,False
012100,0,[],False,False
012101,0,[],False,False
012102,2,"[0, 3]",False,False
012110,0,[],False,False
012111,0,[],False,False
012112,0,[],False,False
012120,0,[],False,False
012121,0,[],False,False
012122,0,[],False,False
012200,0,[],False,False
012201,0,[],False,False
012202,0,[],False,False
012210,0,[],False,False
012211,2,"[1, 2]",False,False
012212,0,[],False,False
012220,0,[],False,False
012221,0,[],False,False
012222,0,[],False,False
100000,0,[],False,False
100001,0,[],False,False
100002,2,"[1, 3]",False,False
100010,0,[],False,False
100011,0,[],False,False
100012,0,[],False,False
100020,0,[],False,False
100021,0,[],False,False
100022,0,[],False,False
100100,0,[],False,False
100101,0,[],False,False
100102,0,[],False,False
100110,0,[],False,False
100111,2,"[0, 2]",False,False
100112,0,[],False,False
100120,0,[],False,False
100121,0,[],False,False
100122,0,[],False,False
100200,0,[],False,False
100201,0,[],False,False
100202,0,[],False,False
100210,0,[],False,False
100211,0,[],False,False
100212,0,[],False,False
100220,0,[],False,False
100221,0,[],False,False
100222,0,[],False,False
101000,0,[],False,False
101001,0,[],False,False
101002,0,[],False,False
101010,0,[],False,False
101011,0,[],False,False
101012,0,[],False,False
101020,0,[],False,False
101021,1,[1],False,False
101022,0,[],False,False
101100,2,"[2, 3]",False,False
101101,0,[],False,False
101102,0,[],False,False
101110,0,[],False,False
101111,0,[],False,False
101112,0,[],False,False
101120,0,[],False,False
101121,0,[],False,False
101122,0,[],False,False
101200,0,[],False,False
101201,0,[],False,False
101202,0,[],False,False
101210,0,[],False,False
101211,0,[],False,False
101212,1,[0],False,False
101220,0,[],False,False
101221,0,[],False,False
101222,0,[],False,False
102000,0,[],False,False
102001,0,[],False,False
102002,0,[],False,False
102010,2,"[0, 1]",False,False
102011,0,[],False,False
102012,0,[],False,False
102020,0,[],False,False
102021,0,[],False,False
102022,0,[],False,False
102100,0,[],False,False
102101,0,[],False,False
102102,0,[],False,False
102110,0,[],False,False
102111,0,[],False,False
102112,0,[],False,False
102120,0,[],False,False
102121,0,[],False,False
102122,1,[2],True,False
102200,0,[],False,False
102201,1,[3],False,False
102202,0,[],False,False
102210,0,[],False,False
102211,0,[],False,False
102212,0,[],False,False
102220,0,[],False,False
102221,0,[],False,False
102222,0,[],False,False
110000,0,[],False,False
110001,0,[],False,False
110002,0,[],False,False
110010,0,[],False,False
110011,2,"[0, 2]",False,False
110012,0,[],False,False
110020,0,[],False,False
110021,0,[],False,False
110022,0,[],False,False
110100,0,[],False,False
110101,0,[],False,False
110102,0,[],False,False
110110,0,[],False,False
110111,0,[],False,False
110112,0,[],False,False
110120,0,[],False,False
110121,0,[],False,False
110122,0,[],False,False
110200,0,[],False,False
110201,0,[],False,False
110202,2,"[1, 3]",False,False
110210,0,[],False,False
110211,0,[],False,False
110212,0,[],False,False
110220,0,[],False,False
110221,0,[],False,False
110222,0,[],False,False
111000,2,"[2, 3]",False,False
111001,0,[],False,False
111002,0,[],False,False
111010,0,[],False,False
111011,0,[],False,False
111012,0,[],False,False
111020,0,[],False,False
111021,0,[],False,False
111022,0,[],False,False
111100,0,[],False,False
111101,0,[],False,False
111102,0,[],False,False
111110,0,[],False,False
111111,0,[],False,False
111112,1,[0],False,False
111120,0,[],False,False
111121,0,[],False,False
111122,0,[],False,False
111200,0,[],False,False
111201,0,[],False,False
111202,0,[],False,False
111210,0,[],False,False
111211,0,[],False,False
111212,0,[],False,False
111220,0,[],False,False
111221,1,[1],False,False
111222,0,[],False,False
112000,0,[],False,False
112001,0,[],False,False
112002,0,[],False,False
112010,0,[],False,False
112011,0,[],False,False
112012,0,[],False,False
112020,0,[],False,False
112021,0,[],False,False
112022,1,[2],True,False
112100,0,[],False,False
112101,1,[3],False,False
112102,0,[],False,False
112110,0,[],False,False
112111,0,[],False,False
112112,0,[],False,False
112120,0,[],False,False
112121,0,[],False,False
112122,0,[],False,False
112200,0,[],False,False
112201,0,[],False,False
112202,0,[],False,False
112210,2,"[0, 1]",False,False
112211,0,[],False,False
112212,0,[],False,False
112220,0,[],False,False
112221,0,[],False,False
112222,0,[],False,False
120000,0,[],False,False
120001,0,[],False,False
120002,0,[],False,False
120010,0,[],False,False
120011,0,[],False,False
120012,0,[],False,False
120020,0,[],False,False
120021,0,[],False,False
120022,0,[],False,False
120100,0,[],False,False
120101,0,[],False,False
120102,2,"[1, 3]",False,False
120110,0,[],False,False
120111,0,[],False,False
120112,0,[],False,False
120120,0,[],False,False
120121,0,[],False,False
120122,0,[],False,False
120200,0,[],False,False
120201,0,[],False,False
120202,0,[],False,False
120210,0,[],False,False
120211,2,"[0, 2]",False,False
120212,0,[],False,False
120220,0,[],False,False
120221,0,[],False,False
120222,0,[],False,False
121000,0,[],False,False
121001,0,[],False,False
121002,0,[],False,False
121010,0,[],False,False
121011,0,[],False,False
121012,1,[0],False,False
121020,0,[],False,False
121021,0,[],False,False
121022,0,[],False,False
121100,0,[],False,False
121101,0,[],False,False
121102,0,[],False,False
121110,0,[],False,False
121111,0,[],False,False
121112,0,[],False,False
121120,0,[],False,False
121121,1,[1],False,False
121122,0,[],False,False
121200,2,"[2, 3]",False,False
121201,0,[],False,False
121202,0,[],False,False
121210,0,[],False,False
121211,0,[],False,False
121212,0,[],False,False
121220,0,[],False,False
121221,0,[],False,False
121222,0,[],False,False
122000,0,[],False,False
122001,1,[3],False,False
122002,0,[],False,False
122010,0,[],False,False
122011,0,[],False,False
122012,0,[],False,False
122020,0,[],False,False
122021,0,[],False,False
122022,0,[],False,False
122100,0,[],False,False
122101,0,[],False,False
122102,0,[],False,False
122110,2,"[0, 1]",False,False
122111,0,[],False,False
122112,0,[],False,False
122120,0,[],False,False
122121,0,[],False,False
122122,0,[],False,False
122200,0,[],False,False
122201,0,[],False,False
122202,0,[],False,False
122210,0,[],False,False
122211,0,[],False,False
122212,0,[],False,False
122220,0,[],False,False
122221,0,[],False,False
122222,1,[2],True,True
