n,position_p_n,gap_to_next,is_short_21
0,0,21,1
1,21,22,0
2,43,22,0
3,65,22,0
4,87,22,0
5,109,22,0
6,131,21,1
7,152,22,0
8,174,22,0
9,196,22,0
10,218,22,0
11,240,22,0
12,262,22,0
13,284,21,1
14,305,22,0
15,327,22,0
16,349,22,0
17,371,22,0
18,393,22,0
19,415,22,0
20,437,21,1
21,458,22,0
22,480,22,0
23,502,22,0
24,524,22,0
25,546,22,0
26,568,22,0
27,590,21,1
28,611,22,0
29,633,22,0
30,655,22,0
31,677,22,0
32,699,22,0
33,721,22,0
34,743,21,1
35,764,22,0
36,786,22,0
37,808,22,0
38,830,22,0
39,852,22,0
40,874,22,0
41,896,21,1
42,917,22,0
43,939,22,0
44,961,22,0
45,983,22,0
46,1005,22,0
47,1027,22,0
48,1049,21,1
49,1070,22,0
50,1092,22,0
51,1114,22,0
52,1136,22,0
53,1158,22,0
54,1180,21,1
55,1201,22,0
56,1223,22,0
57,1245,22,0
58,1267,22,0
59,1289,22,0
60,1311,22,0
61,1333,21,1
62,1354,22,0
63,1376,22,0
64,1398,22,0
65,1420,22,0
66,1442,22,0
67,1464,22,0
68,1486,21,1
69,1507,22,0
70,1529,22,0
71,1551,22,0
72,1573,22,0
73,1595,22,0
74,1617,22,0
75,1639,21,1
76,1660,22,0
77,1682,22,0
78,1704,22,0
79,1726,22,0
80,1748,22,0
81,1770,22,0
82,1792,21,1
83,1813,22,0
84,1835,22,0
85,1857,22,0
86,1879,22,0
87,1901,22,0
88,1923,22,0
89,1945,21,1
90,1966,22,0
91,1988,22,0
92,2010,22,0
93,2032,22,0
94,2054,22,0
95,2076,22,0
96,2098,21,1
97,2119,22,0
98,2141,22,0
99,2163,22,0
100,2185,22,0
101,2207,22,0
102,2229,21,1
103,2250,22,0
104,2272,22,0
105,2294,22,0
106,2316,22,0
107,2338,22,0
108,2360,22,0
109,2382,21,1
110,2403,22,0
111,2425,22,0
112,2447,22,0
113,2469,22,0
114,2491,22,0
115,2513,22,0
116,2535,21,1
117,2556,22,0
118,2578,22,0
119,2600,22,0
120,2622,22,0
121,2644,22,0
122,2666,22,0
123,2688,21,1
124,2709,22,0
125,2731,22,0
126,2753,22,0
127,2775,22,0
128,2797,22,0
129,2819,22,0
130,2841,21,1
131,2862,22,0
132,2884,22,0
133,2906,22,0
134,2928,22,0
135,2950,22,0
136,2972,22,0
137,2994,21,1
138,3015,22,0
139,3037,22,0
140,3059,22,0
141,3081,22,0
142,3103,22,0
143,3125,22,0
144,3147,21,1
145,3168,22,0
146,3190,22,0
147,3212,22,0
148,3234,22,0
149,3256,22,0
150,3278,22,0
151,3300,21,1
152,3321,22,0
153,3343,22,0
154,3365,22,0
155,3387,22,0
156,3409,22,0
157,3431,21,1
158,3452,22,0
159,3474,22,0
160,3496,22,0
161,3518,22,0
162,3540,22,0
163,3562,22,0
164,3584,21,1
165,3605,22,0
166,3627,22,0
167,3649,22,0
168,3671,22,0
169,3693,22,0
170,3715,22,0
171,3737,21,1
172,3758,22,0
173,3780,22,0
174,3802,22,0
175,3824,22,0
176,3846,22,0
177,3868,22,0
178,3890,21,1
179,3911,22,0
180,3933,22,0
181,3955,22,0
182,3977,22,0
183,3999,22,0
184,4021,22,0
185,4043,21,1
186,4064,22,0
187,4086,22,0
188,4108,22,0
189,4130,22,0
190,4152,22,0
191,4174,22,0
192,4196,21,1
193,4217,22,0
194,4239,22,0
195,4261,22,0
196,4283,22,0
197,4305,22,0
198,4327,22,0
199,4349,21,1
