nu_plus	nu_times	pair_id
0	0	0
0	3	3
0	5	5
0	38	38
0	244	244
0	279	279
0	281	281
0	282	282
3	0	972
3	3	975
3	5	977
3	38	1010
3	244	1216
3	279	1251
3	281	1253
3	282	1254
68	0	22032
68	3	22035
68	5	22037
68	38	22070
68	244	22276
68	279	22311
68	281	22313
68	282	22314
71	0	23004
71	3	23007
71	5	23009
71	38	23042
71	244	23248
71	279	23283
71	281	23285
71	282	23286
100	0	32400
100	3	32403
100	5	32405
100	38	32438
100	244	32644
100	279	32679
100	281	32681
100	282	32682
103	0	33372
103	3	33375
103	5	33377
103	38	33410
103	244	33616
103	279	33651
103	281	33653
103	282	33654
132	0	42768
132	3	42771
132	5	42773
132	38	42806
132	244	43012
132	279	43047
132	281	43049
132	282	43050
135	0	43740
135	3	43743
135	5	43745
135	38	43778
135	244	43984
135	279	44019
135	281	44021
135	282	44022
164	0	53136
164	3	53139
164	5	53141
164	38	53174
164	244	53380
164	279	53415
164	281	53417
164	282	53418
167	0	54108
167	3	54111
167	5	54113
167	38	54146
167	244	54352
167	279	54387
167	281	54389
167	282	54390
196	0	63504
196	3	63507
196	5	63509
196	38	63542
196	244	63748
196	279	63783
196	281	63785
196	282	63786
199	0	64476
199	3	64479
199	5	64481
199	38	64514
199	244	64720
199	279	64755
199	281	64757
199	282	64758
228	0	73872
228	3	73875
228	5	73877
228	38	73910
228	244	74116
228	279	74151
228	281	74153
228	282	74154
231	0	74844
231	3	74847
231	5	74849
231	38	74882
231	244	75088
231	279	75123
231	281	75125
231	282	75126
260	0	84240
260	3	84243
260	5	84245
260	38	84278
260	244	84484
260	279	84519
260	281	84521
260	282	84522
263	0	85212
263	3	85215
263	5	85217
263	38	85250
263	244	85456
263	279	85491
263	281	85493
263	282	85494
292	0	94608
292	3	94611
292	5	94613
292	38	94646
292	244	94852
292	279	94887
292	281	94889
292	282	94890
295	0	95580
295	3	95583
295	5	95585
295	38	95618
295	244	95824
295	279	95859
295	281	95861
295	282	95862
