t,idx,rows,is_actual,surv_h1,surv_h2,surv_h3,surv_h4,surv_h5,surv_h6,surv_h7,surv_h8,surv_h9
7,0,200112|212221|110110,False,1,3,0,0,0,0,0,0,0
7,1,200121|212212|110110,True,1,3,6,11,3,5,3,3,5
7,2,200211|212122|110110,False,1,3,0,0,0,0,0,0,0
7,3,202122|210211|110110,False,1,0,0,0,0,0,0,0,0
7,4,202212|210121|110110,False,1,0,0,0,0,0,0,0,0
7,5,202221|210112|110110,False,1,0,0,0,0,0,0,0
7,6,210111|202222|110110,False,1,0,0,0,0,0,0,0,0
7,7,210222|202111|110110,False,1,0,0,0,0,0,0,0,0
7,8,212112|200221|110110,False,1,0,0,0,0,0,0,0,0
7,9,212121|200212|110110,False,1,0,0,0,0,0,0,0,0
7,10,212211|200122|110110,False,1,0,0,0,0,0,0,0,0
