record_id	state_key	display_name	domain	physical_class	n_A	s_C	k_Delta4	nu120	nu270	E0	E1	E2	E3	mass_E0_beta_MeV	mass_E1_beta_MeV	mass_E2_beta_MeV	mass_E3_beta_MeV	external_reference_MeV	absolute_residual_MeV	relative_residual	residual_ppm	external_reference_locator	provenance	proof_strength	assignment_status	evaluation_status
E3B-001	SM-LC-2	muon	elemental	charged_lepton	42	-3	8	0	2	5.330705705307618975447058155551879903036676866117684707621817458913439406489031946867019591408546199	5.331595276689156095879467233840845335785317810564658371902939771973551227810686647685860017104546199	5.331595276689156095879467233840845335785317810564658371902939771973551227810686647685860017104546199	5.331598615143149368730944600769897682465521821642882087707750127986568588033037724800384610311365839	105.5640590128592647196937700068624709477490825804140559296096134143105607620054250642142628194055828	105.6580075594497767714123663619601721593343694298260512173422845554257865190997810986296007532320902	105.6580075594497767714123663619601721593343694298260512173422845554257865190997810986296007532320902	105.6583602944358293034143258772993028635884387447251121336137575653564072253724619409424660030690948	105.6583755	-0.0000152055641706965856741227006971364115612552748878663862424346435927746275380590575339969309052	-1.439125303483071786781607360330503241672050398680073047539392046849577725909580876908043215674842550E-7	-0.1439125303483071786781607360330503241672050398680073047539392046849577725909580876908043215674842550	AR008_MASAS_VERSIONADAS.csv:m_ref_PDG2026_MeV	RESULTADO_RECUPERADO	EXACTO_CONDICIONADO_A_LA_FIRMA	COINDEXACION_FISICA_RECUPERADA	EVALUACION_BETA_E3_CON_FIRMA_DECLARADA
E3B-002	CMP-PI0	pion_neutral	compound	meson	44	-4	-25	1	-2	5.579253658922385841327641239993544701622432379693704111936247748993703367070606485087727670792249325	5.576473748355082339976362870340527724282929428296911411057740520680853925440435545028851340492249325	5.576493431866332634998179755379682722967196540044622946734390617539793697886944491246330352444932419	5.576490093412339362146702388450630376286992528966399230929580261526776337664593414131805759238112779	135.3502572515042833492370410235393048532650783661937102853959773229181826648059147632308378571314948	134.9745181436147744923228025763324282572007705818762605526181857444582325202767529718784833462493336	134.9771749422086342099758458879793829217909727470365499446103206586005911061304575631692501408793407	134.9767243278721257393848788357683901396700927251334006492712560773168512270776992942846639953249746	134.976827767685	-0.0001034398128742606151211642316098603299072748665993507287439226831487729223007057153360046750254	-7.663523775525067733276028879228247593362165879653349490261355958948717720720392915509948347731905882E-7	-0.7663523775525067733276028879228247593362165879653349490261355958948717720720392915509948347731905882	AR008_MASAS_VERSIONADAS.csv:m_ref_PDG2026_MeV	RESULTADO_RECUPERADO	EXACTO_CONDICIONADO_A_LA_FIRMA	FIRMA_COMPUESTA_RECUPERADA	EVALUACION_BETA_E3_CON_FIRMA_DECLARADA
E3B-003	CMP-PIPM	pion_charged	compound	meson	44	1	-2	2	-1	5.610142180977251061315089401737133349604602124421836672219242573223674543258374997374435983111910591	5.609919788131866781206987132164891991417441888310093256148961994958646587927961322169725876687910591	5.609959155154367371250620902243201988785976111805516327502262188676526132820979214604683900593276780	5.609957485927370734824882218778675815445874106266404469599857010670017452709803676047421603989866960	139.5962655299717810147004788500669603246903209789376793945778059517454046543186378252183630609036953	139.5652237711360278007115731599832588124947270478271384138860506156668762482886536381406857369311331	139.5707181465884174461950559154877115262670449020264617778072772541470251267901314451784765793083207	139.5704851715721913747343643433070279903224329242007850351229352073661974260783250725454300058929625	139.570390983681	0.0000941878911913747343643433070279903224329242007850351229352073661974260783250725454300058929625	6.748414941560740680842276908506821774248413708207717872312297311917146976280243965254609273782072938E-7	0.6748414941560740680842276908506821774248413708207717872312297311917146976280243965254609273782072938	AR008_MASAS_VERSIONADAS.csv:m_ref_PDG2026_MeV	RESULTADO_RECUPERADO	EXACTO_CONDICIONADO_A_LA_FIRMA	FIRMA_COMPUESTA_RECUPERADA	EVALUACION_BETA_E3_CON_FIRMA_DECLARADA
E3B-004	CMP-KPM	kaon_charged	compound	meson	54	-1	17	-2	2	6.871415062284004522710473720991610531322681539138813229961190918162977051878908795850001367422222980	6.873305401469770903629343012355662075913543546088632266558575833415714672187425035090037272026222980	6.873266034447270313585709242277352078545009322593209195205275639697835127294407142655079248120856791	6.873269372901263586437186609206404425225213333671432911010085995710852487516758219769603841327676431	492.7625032101405478541967716643044198796899829579089001475408962410737037557420976041024763461753403	493.6948724486459604887207925368209138776205515077062585618695291945629219465142668287176668591238541	493.6754375340437188917514923126032527706130506964575975062887068374353138748859691924546082324357355	493.6770856495306124757230549194834577193100293531853434602990433081494653427964291502358971634496394	493.676599458041	0.0004861914896124757230549194834577193100293531853434602990433081494653427964291502358971634496394	9.848380298888332096263862636260782526007490106776574626408476931268647761479736797602785247439331518E-7	0.9848380298888332096263862636260782526007490106776574626408476931268647761479736797602785247439331518	AR008_MASAS_VERSIONADAS.csv:m_ref_PDG2026_MeV	RESULTADO_RECUPERADO	EXACTO_CONDICIONADO_A_LA_FIRMA	FIRMA_COMPUESTA_RECUPERADA	EVALUACION_BETA_E3_CON_FIRMA_DECLARADA
E3B-005	CMP-K0	kaon_neutral	compound	meson	54	0	32	3	-2	6.877592766694977566707963353340328260919115488084439742017789883008971287116462498307343029886155233	6.881151052221126048437599666496189991913679265872334399142279135249418572403081301582704732670155233	6.881210102754876933503050321613654987966480601115469006172229425826237889742608140235141768528204516	6.881206764300883660651572954684602641286276590037245290367419069813220529520257063120617175321384876	495.8160665944267685946897458103257249452012871671609269357157668324617047519513831378165356820918741	497.5834643158773888478848381911077053625211439549917753198064731521237561787154543756482679694046273	497.6128477525761278755792167026429294665410580050915889110454514639138173973127183898345481730836202	497.6111864977504573585586728733693056883083113036203972316795298287641331742514324387016170282926452	497.610767531258	0.0004189664924573585586728733693056883083113036203972316795298287641331742514324387016170282926452	8.419562433022325836623544992031757660372788301901815616474658958805543982908374912430995463616514174E-7	0.8419562433022325836623544992031757660372788301901815616474658958805543982908374912430995463616514174	AR008_MASAS_VERSIONADAS.csv:m_ref_PDG2026_MeV	RESULTADO_RECUPERADO	EXACTO_CONDICIONADO_A_LA_FIRMA	FIRMA_COMPUESTA_RECUPERADA	EVALUACION_BETA_E3_CON_FIRMA_DECLARADA
E3B-006	CMP-P	proton	compound	baryon	59	0	9	1	0	7.514406911759327341403145145316284581374589144388554532945363020324616776664283100002467384505243680	7.515407679563556601889605358391370693216810206891399905261625622517242575651144638423662863413243680	7.515427363074806896911422243430525691901077318639111440938275719376182348097653584641141875365926774	7.515427363074806896911422243430525691901077318639111440938275719376182348097653584641141875365926774	937.3147792586996345631505602390101621365789685874025989578409469505341984629008461447449442214069748	938.2532832461685889327988072986652719300102500558040689632209139490590002721705572398711511434222936	938.2717515469848982989367873733158319433671730520694449035595899525294720254399215568271760658528988	938.2717515469848982989367873733158319433671730520694449035595899525294720254399215568271760658528988	938.27208943	-0.0003378830151017010632126266841680566328269479305550964404100474705279745600784431728239341471012	-3.601119748824297746036671043813600832188487861658980483205136775097587697178604892351797717496344476E-7	-0.3601119748824297746036671043813600832188487861658980483205136775097587697178604892351797717496344476	AR008_MASAS_VERSIONADAS.csv:m_ref_PDG2026_MeV	RESULTADO_RECUPERADO	EXACTO_CONDICIONADO_A_LA_FIRMA	FIRMA_COMPUESTA_RECUPERADA	EVALUACION_BETA_E3_CON_FIRMA_DECLARADA
E3B-007	CMP-N	neutron	compound	baryon	59	1	-34	0	1	7.520584616170300385400634777665002310971023093334181045001961985170611011901836802459809046969175933	7.516803937798767623562896194936899221789299079434542971807192154665135771284804323979737237761175933	7.516803937798767623562896194936899221789299079434542971807192154665135771284804323979737237761175933	7.516805607025764259988634878401425395129401084973654829709597332671644451395979862536999534364585753	943.1231556486420149821102746300690448709858610431015625244937786127015553734832210159977186319016891	939.5642421252000302171874305337082164035587497442037035862247396985932792962379191856394564882730410	939.5642421252000302171874305337082164035587497442037035862247396985932792962379191856394564882730410	939.5658104725070233126644319573726015504783493107324859962006082493356931571776377399104839260152495	939.56542194	0.0003885325070233126644319573726015504783493107324859962006082493356931571776377399104839260152495	4.135236333208993747230635474417600387126808662066291458101861526804552273088730420758911216871638634E-7	0.4135236333208993747230635474417600387126808662066291458101861526804552273088730420758911216871638634	AR008_MASAS_VERSIONADAS.csv:m_ref_PDG2026_MeV	RESULTADO_RECUPERADO	EXACTO_CONDICIONADO_A_LA_FIRMA	FIRMA_COMPUESTA_RECUPERADA	EVALUACION_BETA_E3_CON_FIRMA_DECLARADA
E3B-008	SM-LC-3	tau_lepton	elemental	charged_lepton	64	0	25	-1	6	8.151221056823677116098326937292240901830062800692669323872936157640262266212103701697591739124332128	8.154000967390980617449605306945257879169565752089462024751443385953111707842274641756468069424332128	8.153981283879730322427788421906102880485298640341750489074793289094171935395765695538989057471649034	8.153991299241710140982220522693259920525910673576421636489224357133224016062818926882562837092107954	1771.945393886234110148353081169806341372139278797400707204392465853148711921047170677574104749000060	1776.878096671061457988110832175956494207504048388843637743471042059819795119585039987558980305415343	1776.843121815270343288778214588844452591219953580785847314663010399015198371255481399009345029054569	1776.860917631432295595327745032647192790576205032134059491075666425843573051542183405646746196546305	1776.93246513409	-0.071547502657704404672254967352807209423794967865940508924333574156426948457816594353253803453695	-0.00004026461560108043969262843717272207207002921476932455703425669827226859057161077815273441706812129296	-40.26461560108043969262843717272207207002921476932455703425669827226859057161077815273441706812129296	AR008_MASAS_VERSIONADAS.csv:m_ref_PDG2026_MeV	RESULTADO_RECUPERADO	EXACTO_CONDICIONADO_A_LA_FIRMA	COINDEXACION_FISICA_RECUPERADA	EVALUACION_BETA_E3_CON_FIRMA_DECLARADA
E3B-009	SM-GA-W	W_boson	elemental	gauge_boson	94	-1	0	-2	4	11.96592822279880272027192805679926109496647078957173155738177601668814096826147360941099620437493056	11.96592822279880272027192805679926109496647078957173155738177601668814096826147360941099620437493056	11.96588885577630213022829428672095109759793656607630848602847582297026142336845571697603818046956437	11.96589553268428867593124902057905579095834458823275591763809653499629614381315787120508736688320365	80381.59255022066630414415001674088644049154371734406275871881266843523031498738577606603445612494482	80381.59255022066630414415001674088644049154371734406275871881266843523031498738577606603445612494482	80378.42822854347850087106469814229655885214139070025725854742417570695245049848884805097318415898496	80378.96490970454702486540008120927756788134124114306461461856859850595872585534642344750808273716987	80362.5	16.46490970454702486540008120927756788134124114306461461856859850595872585534642344750808273716987	0.0002048829952346806640584860004265368533997976810460676885185079919857984240827055336445242835547658423	204.8829952346806640584860004265368533997976810460676885185079919857984240827055336445242835547658423	AR008_MASAS_VERSIONADAS.csv:m_ref_PDG2026_MeV	RESULTADO_RECUPERADO	EXACTO_CONDICIONADO_A_LA_FIRMA	COINDEXACION_FISICA_RECUPERADA	EVALUACION_BETA_E3_CON_FIRMA_DECLARADA
E3B-010	SM-GA-Z	Z_boson	elemental	gauge_boson	95	-1	-11	0	-4	12.09329105181167267521096441519445235905756552083255451556729064415127006617103772975002107529874825	12.09206789116205913461640193254712488902818422221796572718074746369361631185376251612411548996674825	12.09206789116205913461640193254712488902818422221796572718074746369361631185376251612411548996674825	12.09206121425407258891344719868902019566777620006151829557112675166758159140906036189506630355310897	91299.74828659817011731729551302691359198011840324270256715269125579628232534634488010296455877743637	91188.14229711636039382849440653212746023867625558296678801613299031050171949068111602266680482213543	91188.14229711636039382849440653212746023867625558296678801613299031050171949068111602266680482213543	91187.53344431340784485461477547802043840318264628853377511503279812485975483861457501163851534840552	91187.8732972213	-0.33985290789215514538522452197956159681735371146622488496720187514024516138542498836148465159448	-0.000003726952889716216568238344615036936989286675778613160955835497761172430578161041740283910517279350808	-3.726952889716216568238344615036936989286675778613160955835497761172430578161041740283910517279350808	AR008_MASAS_VERSIONADAS.csv:m_ref_PDG2026_MeV	RESULTADO_RECUPERADO	EXACTO_CONDICIONADO_A_LA_FIRMA	COINDEXACION_FISICA_RECUPERADA	EVALUACION_BETA_E3_CON_FIRMA_DECLARADA
