id	clase_y_representantes	panel_a_genealogia	panel_b_salida_interna	panel_c_contraste
SM-LC-1	leptón cargado: e− / e+	Carga ±1 e; color/representación sin color; paridad impar; retorno 2π=−1; retorno 4π=+1; estadística exterior; CAR; Pauli; Fermi–Dirac con Hamiltoniano y maximización de entropía. celda central (5,5), orientación positiva bidireccional. Generación 1; 1 familia de ruta y 1 ruta B1; orientaciones (1,1); registro de doce fases τ=+++---+++---; 1 firma σ; carácter de torre χF025: 4.61664510936534237. K_D=(80,54,6)x1; K_Omega=(80,54,6)x1.	0.5109989506900008086… MeV/c².	0.51099895069(16) MeV/c²; residual relativo HMT=1.582406883757739959353701e-15; desviación normalizada=0.000005053801607280237337085254 σ. Estatuto: masa escalar bidireccional derivada. Morfismo de realización: realización completa en la fibra central de rango uno.
SM-LC-2	leptón cargado: μ− / μ+	Carga ±1 e; color/representación sin color; paridad impar; retorno 2π=−1; retorno 4π=+1; estadística exterior; CAR; Pauli; Fermi–Dirac con Hamiltoniano y maximización de entropía. fibra leptón cargado G2; 8 posiciones compatibles. Generación 2; 8 familias de ruta y 8 rutas B1; orientaciones (-1,-1) | (-1,1) | (1,-1) | (1,1); registro de doce fases τ=+++---+++---; 8 firmas σ; carácter de torre χF025: 8 valores; intervalo [1.99553874559575097, 22.0499273336200417]. K_D=(0,24,0)x1; (40,78,27)x2; (80,54,7)x1; (80,66,2)x1; (80,66,3)x1; (100,66,0)x1; (100,66,2)x1; K_Omega=(80,54,6)x8.	par de operadores de fibra: 7 perfiles K_D y 1 perfil K_Omega; espectro relativo R_act^(κ_X−κ_e): K_D [0.999999944688771606–1.00000001380461753], K_Omega [1]. Evaluación beta E3 de la torre, exacta al fijar la firma recuperada (42,-3,8,0,2): 105.6583602944358293034 MeV/c². Estatuto: resultado recuperado y evaluación condicionada a la firma; la coindexación física y el selector prospectivo de ruta conservan tipos distintos; el par de operadores de la fibra permanece publicado con su espectro completo.	105.6583755±0.0000023 MeV/c²; residual de la evaluación beta E3 condicionada a la firma=-0.14391253034831 ppm. Estatuto: operadores internos exactos; la realización escalar se define mediante la selección fina de generación y ruta. Morfismo de realización: selector fino generación→ruta enriquecida y escalarización del par de operadores.
SM-LC-3	leptón cargado: τ− / τ+	Carga ±1 e; color/representación sin color; paridad impar; retorno 2π=−1; retorno 4π=+1; estadística exterior; CAR; Pauli; Fermi–Dirac con Hamiltoniano y maximización de entropía. fibra leptón cargado G4; 16 posiciones compatibles. Generación 3; 16 familias de ruta y 16 rutas B1; orientaciones (-1,-1) | (-1,1) | (1,-1) | (1,1); registro de doce fases τ=+++---+++--- | +++0--+++0-- | ++0---++0--- | 0++---0++--- | 0+00-00+00-0; 16 firmas σ; carácter de torre χF025: 15 valores; intervalo [1.99376436077491013, 227.063371535409628]. K_D=(0,24,0)x1; (40,24,2)x2; (40,54,6)x2; (40,84,30)x2; (60,78,25)x3; (80,66,2)x2; (80,66,3)x3; (80,66,4)x1; K_Omega=(24,54,2)x1; (56,54,5)x4; (80,54,6)x11.	par de operadores de fibra: 8 perfiles K_D y 3 perfiles K_Omega; espectro relativo R_act^(κ_X−κ_e): K_D [0.999999944688771606–0.999999999939136362], K_Omega [0.999999961175913675–1]. Evaluación beta E3 de la torre, exacta al fijar la firma recuperada (64,0,25,-1,6): 1776.860917631432295595 MeV/c². Estatuto: resultado recuperado y evaluación condicionada a la firma; la coindexación física y el selector prospectivo de ruta conservan tipos distintos; el par de operadores de la fibra permanece publicado con su espectro completo.	1776.93±0.09 MeV/c²; residual de la evaluación beta E3 condicionada a la firma=-40.264615601080 ppm. Estatuto: operadores internos exactos; la realización escalar se define mediante la selección fina de generación y ruta. Morfismo de realización: selector fino generación→ruta enriquecida y escalarización del par de operadores.
SM-NU-1	neutrino: ν_e / anti-ν_e	Carga 0; color/representación sin color; paridad impar; retorno 2π=−1; retorno 4π=+1; estadística exterior; CAR; Pauli. unión tipada de fibras neutrino G1, neutrino G2, neutrino G3, neutrino G4; 20 posiciones compatibles. Generación 1; 18 familias de ruta y 20 rutas B1; orientaciones (-1,-1) | (-1,1) | (1,-1) | (1,1); registro de doce fases τ=+++---+++--- | +0+-0-+0+-0- | +0000-+0000- | 0++---0++--- | 0++--00++--0; 20 firmas σ; carácter de torre χF025: 16 valores; intervalo [1.99465135588008925, 227.366557385185488]. K_D=(0,24,0)x2; (40,24,2)x4; (40,78,27)x4; (40,84,30)x2; (60,78,25)x1; (60,84,28)x1; (80,54,6)x1; (80,54,7)x1; (80,66,2)x1; (80,66,3)x2; (100,66,0)x1; K_Omega=(4,54,2)x1; (36,54,4)x2; (40,54,4)x1; (56,54,5)x2; (80,54,6)x14.	par de operadores de fibra: 11 perfiles K_D y 5 perfiles K_Omega; espectro relativo R_act^(κ_X−κ_e): K_D [0.999999944688771606–1.00000001380446335], K_Omega [0.999999947310279053–1].	Codominio de salida: espectro de masa y mezcla leptónica. Estatuto: operador interno exacto; la realización masa–sabor y la escala neutra se obtienen mediante el entrelazador de mezcla tipado.
SM-NU-2	neutrino: ν_μ / anti-ν_μ	Carga 0; color/representación sin color; paridad impar; retorno 2π=−1; retorno 4π=+1; estadística exterior; CAR; Pauli. unión tipada de fibras neutrino G1, neutrino G2, neutrino G3, neutrino G4; 20 posiciones compatibles. Generación 2; 18 familias de ruta y 20 rutas B1; orientaciones (-1,-1) | (-1,1) | (1,-1) | (1,1); registro de doce fases τ=+++---+++--- | +0+-0-+0+-0- | +0000-+0000- | 0++---0++--- | 0++--00++--0; 20 firmas σ; carácter de torre χF025: 16 valores; intervalo [1.99465135588008925, 227.366557385185488]. K_D=(0,24,0)x2; (40,24,2)x4; (40,78,27)x4; (40,84,30)x2; (60,78,25)x1; (60,84,28)x1; (80,54,6)x1; (80,54,7)x1; (80,66,2)x1; (80,66,3)x2; (100,66,0)x1; K_Omega=(4,54,2)x1; (36,54,4)x2; (40,54,4)x1; (56,54,5)x2; (80,54,6)x14.	par de operadores de fibra: 11 perfiles K_D y 5 perfiles K_Omega; espectro relativo R_act^(κ_X−κ_e): K_D [0.999999944688771606–1.00000001380446335], K_Omega [0.999999947310279053–1].	Codominio de salida: espectro de masa y mezcla leptónica. Estatuto: operador interno exacto; la realización masa–sabor y la escala neutra se obtienen mediante el entrelazador de mezcla tipado.
SM-NU-3	neutrino: ν_τ / anti-ν_τ	Carga 0; color/representación sin color; paridad impar; retorno 2π=−1; retorno 4π=+1; estadística exterior; CAR; Pauli. unión tipada de fibras neutrino G1, neutrino G2, neutrino G3, neutrino G4; 20 posiciones compatibles. Generación 3; 18 familias de ruta y 20 rutas B1; orientaciones (-1,-1) | (-1,1) | (1,-1) | (1,1); registro de doce fases τ=+++---+++--- | +0+-0-+0+-0- | +0000-+0000- | 0++---0++--- | 0++--00++--0; 20 firmas σ; carácter de torre χF025: 16 valores; intervalo [1.99465135588008925, 227.366557385185488]. K_D=(0,24,0)x2; (40,24,2)x4; (40,78,27)x4; (40,84,30)x2; (60,78,25)x1; (60,84,28)x1; (80,54,6)x1; (80,54,7)x1; (80,66,2)x1; (80,66,3)x2; (100,66,0)x1; K_Omega=(4,54,2)x1; (36,54,4)x2; (40,54,4)x1; (56,54,5)x2; (80,54,6)x14.	par de operadores de fibra: 11 perfiles K_D y 5 perfiles K_Omega; espectro relativo R_act^(κ_X−κ_e): K_D [0.999999944688771606–1.00000001380446335], K_Omega [0.999999947310279053–1].	Codominio de salida: espectro de masa y mezcla leptónica. Estatuto: operador interno exacto; la realización masa–sabor y la escala neutra se obtienen mediante el entrelazador de mezcla tipado.
SM-Q-U1	quark: u / anti-u	Carga ±2/3 e; color/representación R,G,B = órbita Z/3; paridad impar; retorno 2π=−1; retorno 4π=+1; estadística exterior; CAR; Pauli; Fermi–Dirac. unión tipada de fibras quark de tipo arriba G1, quark de tipo arriba G3; 16 posiciones compatibles. Generación 1; 14 familias de ruta y 16 rutas B1; orientaciones (-1,-1) | (-1,1) | (1,-1) | (1,1); registro de doce fases τ=+++---+++--- | +++--0+++--0 | +++0--+++0-- | 0++---0++---; 16 firmas σ; carácter de torre χF025: 14 valores; intervalo [1.99465135588008925, 226.962399453986149]. K_D=(40,24,2)x2; (40,54,6)x1; (40,78,27)x2; (60,78,25)x1; (60,84,28)x1; (80,54,6)x3; (80,66,2)x1; (80,66,3)x2; (80,66,4)x1; (100,66,0)x1; (100,66,2)x1; K_Omega=(56,54,5)x3; (80,54,6)x13.	par de operadores de fibra: 11 perfiles K_D y 2 perfiles K_Omega; espectro relativo R_act^(κ_X−κ_e): K_D [0.999999972148929860–1.00000001380461753], K_Omega [0.999999983361160741–1]. Trazabilidad angular condicionada por la coindexación heredada (11,7): 2.1659245361739076629069774344552 MeV/c²; no constituye una salida prospectiva HMT ni selecciona la ruta; imagen espectral condicionada de la fibra: K_D [2.16592447585059149–2.16592456607366749], K_Omega [2.16592450013543746–2.16592453617390766] MeV/c²; el espectro de fibra no selecciona por sí mismo un autovalor físico.	2.16±0.07 MeV/c²; referencia informativa: esquema y escala de renormalización no disponibles en el snapshot; no se calcula residual. Estatuto: operadores internos exactos; la realización escalar se define mediante la selección conjunta de sabor, color y ruta. Morfismo de realización: selector fino (tipo, generación, color)→ruta enriquecida, cociente cromático y escalarización.
SM-Q-D1	quark: d / anti-d	Carga ±1/3 e; color/representación R,G,B = órbita Z/3; paridad impar; retorno 2π=−1; retorno 4π=+1; estadística exterior; CAR; Pauli; Fermi–Dirac. unión tipada de fibras quark de tipo abajo G1, quark de tipo abajo G2, quark de tipo abajo G3, quark de tipo abajo G4; 20 posiciones compatibles. Generación 1; 18 familias de ruta y 20 rutas B1; orientaciones (-1,-1) | (-1,1) | (1,-1) | (1,1); registro de doce fases τ=+++---+++--- | ++00--++00-- | +0+-0-+0+-0- | 00+-0000+-00; 20 firmas σ; carácter de torre χF025: 16 valores; intervalo [1.99553874559575097, 227.164388537759442]. K_D=(0,24,0)x2; (40,24,2)x4; (40,78,27)x4; (40,84,30)x2; (60,78,25)x1; (60,84,28)x1; (80,54,6)x1; (80,54,7)x1; (80,66,2)x1; (80,66,3)x1; (80,66,4)x1; (100,66,2)x1; K_Omega=(4,54,2)x1; (36,54,4)x2; (40,54,4)x1; (80,54,6)x16.	par de operadores de fibra: 12 perfiles K_D y 4 perfiles K_Omega; espectro relativo R_act^(κ_X−κ_e): K_D [0.999999944688771606–1.00000001380461753], K_Omega [0.999999947310279053–1]. Trazabilidad angular condicionada por la coindexación heredada (17,8): 4.6795501629488741723404625620718 MeV/c²; no constituye una salida prospectiva HMT ni selecciona la ruta; imagen espectral condicionada de la fibra: K_D [4.67954990411720633–4.67955022754827439], K_Omega [4.67954991638468193–4.67955016294887417] MeV/c²; el espectro de fibra no selecciona por sí mismo un autovalor físico.	4.70±0.07 MeV/c²; referencia informativa: esquema y escala de renormalización no disponibles en el snapshot; no se calcula residual. Estatuto: operadores internos exactos; la realización escalar se define mediante la selección conjunta de sabor, color y ruta. Morfismo de realización: selector fino (tipo, generación, color)→ruta enriquecida, cociente cromático y escalarización.
SM-Q-U2	quark: c / anti-c	Carga ±2/3 e; color/representación R,G,B = órbita Z/3; paridad impar; retorno 2π=−1; retorno 4π=+1; estadística exterior; CAR; Pauli; Fermi–Dirac. unión tipada de fibras quark de tipo arriba G1, quark de tipo arriba G3; 16 posiciones compatibles. Generación 2; 14 familias de ruta y 16 rutas B1; orientaciones (-1,-1) | (-1,1) | (1,-1) | (1,1); registro de doce fases τ=+++---+++--- | +++--0+++--0 | +++0--+++0-- | 0++---0++---; 16 firmas σ; carácter de torre χF025: 14 valores; intervalo [1.99465135588008925, 226.962399453986149]. K_D=(40,24,2)x2; (40,54,6)x1; (40,78,27)x2; (60,78,25)x1; (60,84,28)x1; (80,54,6)x3; (80,66,2)x1; (80,66,3)x2; (80,66,4)x1; (100,66,0)x1; (100,66,2)x1; K_Omega=(56,54,5)x3; (80,54,6)x13.	par de operadores de fibra: 11 perfiles K_D y 2 perfiles K_Omega; espectro relativo R_act^(κ_X−κ_e): K_D [0.999999972148929860–1.00000001380461753], K_Omega [0.999999983361160741–1]. Trazabilidad angular condicionada por la coindexación heredada (61,8): 1270.5008386419111352862199391226 MeV/c²; no constituye una salida prospectiva HMT ni selecciona la ruta; imagen espectral condicionada de la fibra: K_D [1270.50080325710317–1270.50085618068929], K_Omega [1270.50081750225190–1270.50083864191114] MeV/c²; el espectro de fibra no selecciona por sí mismo un autovalor físico.	1.2729±0.0045 GeV/c²; referencia informativa: esquema y escala de renormalización no disponibles en el snapshot; no se calcula residual. Estatuto: operadores internos exactos; la realización escalar se define mediante la selección conjunta de sabor, color y ruta. Morfismo de realización: selector fino (tipo, generación, color)→ruta enriquecida, cociente cromático y escalarización.
SM-Q-D2	quark: s / anti-s	Carga ±1/3 e; color/representación R,G,B = órbita Z/3; paridad impar; retorno 2π=−1; retorno 4π=+1; estadística exterior; CAR; Pauli; Fermi–Dirac. unión tipada de fibras quark de tipo abajo G1, quark de tipo abajo G2, quark de tipo abajo G3, quark de tipo abajo G4; 20 posiciones compatibles. Generación 2; 18 familias de ruta y 20 rutas B1; orientaciones (-1,-1) | (-1,1) | (1,-1) | (1,1); registro de doce fases τ=+++---+++--- | ++00--++00-- | +0+-0-+0+-0- | 00+-0000+-00; 20 firmas σ; carácter de torre χF025: 16 valores; intervalo [1.99553874559575097, 227.164388537759442]. K_D=(0,24,0)x2; (40,24,2)x4; (40,78,27)x4; (40,84,30)x2; (60,78,25)x1; (60,84,28)x1; (80,54,6)x1; (80,54,7)x1; (80,66,2)x1; (80,66,3)x1; (80,66,4)x1; (100,66,2)x1; K_Omega=(4,54,2)x1; (36,54,4)x2; (40,54,4)x1; (80,54,6)x16.	par de operadores de fibra: 12 perfiles K_D y 4 perfiles K_Omega; espectro relativo R_act^(κ_X−κ_e): K_D [0.999999944688771606–1.00000001380461753], K_Omega [0.999999947310279053–1]. Trazabilidad angular condicionada por la coindexación heredada (41,-3): 92.940093907845640641019594846722 MeV/c²; no constituye una salida prospectiva HMT ni selecciona la ruta; imagen espectral condicionada de la fibra: K_D [92.9400887672148795–92.9400951908480904], K_Omega [92.9400890108580278–92.9400939078456406] MeV/c²; el espectro de fibra no selecciona por sí mismo un autovalor físico.	92.9 ±0.7 MeV/c²; referencia informativa: esquema y escala de renormalización no disponibles en el snapshot; no se calcula residual. Estatuto: operadores internos exactos; la realización escalar se define mediante la selección conjunta de sabor, color y ruta. Morfismo de realización: selector fino (tipo, generación, color)→ruta enriquecida, cociente cromático y escalarización.
SM-Q-U3	quark: t / anti-t	Carga ±2/3 e; color/representación R,G,B = órbita Z/3; paridad impar; retorno 2π=−1; retorno 4π=+1; estadística exterior; CAR; Pauli; Fermi–Dirac. unión tipada de fibras quark de tipo arriba G1, quark de tipo arriba G3; 16 posiciones compatibles. Generación 3; 14 familias de ruta y 16 rutas B1; orientaciones (-1,-1) | (-1,1) | (1,-1) | (1,1); registro de doce fases τ=+++---+++--- | +++--0+++--0 | +++0--+++0-- | 0++---0++---; 16 firmas σ; carácter de torre χF025: 14 valores; intervalo [1.99465135588008925, 226.962399453986149]. K_D=(40,24,2)x2; (40,54,6)x1; (40,78,27)x2; (60,78,25)x1; (60,84,28)x1; (80,54,6)x3; (80,66,2)x1; (80,66,3)x2; (80,66,4)x1; (100,66,0)x1; (100,66,2)x1; K_Omega=(56,54,5)x3; (80,54,6)x13.	par de operadores de fibra: 11 perfiles K_D y 2 perfiles K_Omega; espectro relativo R_act^(κ_X−κ_e): K_D [0.999999972148929860–1.00000001380461753], K_Omega [0.999999983361160741–1]. Trazabilidad angular condicionada por la coindexación heredada (100,-1): 172597.47954401913626136689748338 MeV/c²; no constituye una salida prospectiva HMT ni selecciona la ruta; imagen espectral condicionada de la fibra: K_D [172597.474736994628–172597.481926661328], K_Omega [172597.476672197418–172597.479544019136] MeV/c²; el espectro de fibra no selecciona por sí mismo un autovalor físico.	172.60±0.27 GeV/c²; referencia informativa: esquema y escala de renormalización no disponibles en el snapshot; no se calcula residual. Estatuto: operadores internos exactos; la realización escalar se define mediante la selección conjunta de sabor, color y ruta. Morfismo de realización: selector fino (tipo, generación, color)→ruta enriquecida, cociente cromático y escalarización.
SM-Q-D3	quark: b / anti-b	Carga ±1/3 e; color/representación R,G,B = órbita Z/3; paridad impar; retorno 2π=−1; retorno 4π=+1; estadística exterior; CAR; Pauli; Fermi–Dirac. unión tipada de fibras quark de tipo abajo G1, quark de tipo abajo G2, quark de tipo abajo G3, quark de tipo abajo G4; 20 posiciones compatibles. Generación 3; 18 familias de ruta y 20 rutas B1; orientaciones (-1,-1) | (-1,1) | (1,-1) | (1,1); registro de doce fases τ=+++---+++--- | ++00--++00-- | +0+-0-+0+-0- | 00+-0000+-00; 20 firmas σ; carácter de torre χF025: 16 valores; intervalo [1.99553874559575097, 227.164388537759442]. K_D=(0,24,0)x2; (40,24,2)x4; (40,78,27)x4; (40,84,30)x2; (60,78,25)x1; (60,84,28)x1; (80,54,6)x1; (80,54,7)x1; (80,66,2)x1; (80,66,3)x1; (80,66,4)x1; (100,66,2)x1; K_Omega=(4,54,2)x1; (36,54,4)x2; (40,54,4)x1; (80,54,6)x16.	par de operadores de fibra: 12 perfiles K_D y 4 perfiles K_Omega; espectro relativo R_act^(κ_X−κ_e): K_D [0.999999944688771606–1.00000001380461753], K_Omega [0.999999947310279053–1]. Trazabilidad angular condicionada por la coindexación heredada (71,-5): 4190.1197632997902180746731891276 MeV/c²; no constituye una salida prospectiva HMT ni selecciona la ruta; imagen espectral condicionada de la fibra: K_D [4190.11953153911899–4190.11982114279096], K_Omega [4190.11954252354915–4190.11976329979022] MeV/c²; el espectro de fibra no selecciona por sí mismo un autovalor físico.	4.186±0.006 GeV/c²; referencia informativa: esquema y escala de renormalización no disponibles en el snapshot; no se calcula residual. Estatuto: operadores internos exactos; la realización escalar se define mediante la selección conjunta de sabor, color y ruta. Morfismo de realización: selector fino (tipo, generación, color)→ruta enriquecida, cociente cromático y escalarización.
SM-GA-EM	bosón gauge: γ	Carga 0; color/representación sin color; paridad par; retorno 2π=+1; retorno 4π=+1; estadística simétrica; Bose–Einstein con Hamiltoniano y maximización de entropía. carta nula del sector electromagnético. Descriptor: sector gauge nulo. Ruta/registro: carta nula exacta del sector gauge; realización continua conservada en su interfaz propia.	0 MeV/c².	<10⁻¹⁸ eV/c². Estatuto: masa nula establecida en la carta sectorial.
SM-GA-GL	bosón gauge: g	Carga 0; color/representación octete gauge; paridad par; retorno 2π=+1; retorno 4π=+1; estadística simétrica; Bose–Einstein con Hamiltoniano y maximización de entropía. carta nula del sector representación adjunta de color. Descriptor: octete gauge asociado a una única carta nula de masa. Ruta/registro: carta nula exacta del sector gauge; realización continua conservada en su interfaz propia.	0 MeV/c².	Codominio de salida: carta nula del sector gauge de color; referencia nominal de masa: cero. Estatuto: masa nula establecida en la carta sectorial.
SM-GA-W	bosón gauge: W+ / W−	Carga ±1 e; color/representación sin color; paridad par; retorno 2π=+1; retorno 4π=+1; estadística simétrica; Bose–Einstein. sector físico gauge masivo. Descriptor: descriptor sectorial para su unión con el dominio orientado. Ruta/registro: ruta gauge individualizada→registro y escalarización del par de operadores.	descriptor sectorial tipado para su unión con el dominio orientado de rutas. Evaluación beta E3 de la torre, exacta al fijar la firma recuperada (94,-1,0,-2,4): 80378.96490970454702487 MeV/c². Estatuto: resultado recuperado y evaluación condicionada a la firma; la coindexación física y el selector prospectivo de ruta conservan tipos distintos; el join de ruta y su espectro operatorio constituye el morfismo de realización pendiente.	80.3625 ±0.0077 GeV/c²; residual de la evaluación beta E3 condicionada a la firma=204.88299523468 ppm. Estatuto: sector físico tipado fuera del atlas de trece multisecciones; el join de ruta, el espectro y la escalarización permanecen pendientes. Morfismo de realización: ruta gauge individualizada→registro y escalarización del par de operadores.
SM-GA-Z	bosón gauge: Z0	Carga 0; color/representación sin color; paridad par; retorno 2π=+1; retorno 4π=+1; estadística simétrica; Bose–Einstein. sector físico gauge masivo. Descriptor: descriptor sectorial para su unión con el dominio orientado. Ruta/registro: ruta gauge individualizada→registro y escalarización del par de operadores.	descriptor sectorial tipado para su unión con el dominio orientado de rutas. Evaluación beta E3 de la torre, exacta al fijar la firma recuperada (95,-1,-11,0,-4): 91187.53344431340784485 MeV/c². Estatuto: resultado recuperado y evaluación condicionada a la firma; la coindexación física y el selector prospectivo de ruta conservan tipos distintos; el join de ruta y su espectro operatorio constituye el morfismo de realización pendiente.	91.1879±0.0020 GeV/c²; residual de la evaluación beta E3 condicionada a la firma=-3.7269528897162 ppm. Estatuto: sector físico tipado fuera del atlas de trece multisecciones; el join de ruta, el espectro y la escalarización permanecen pendientes. Morfismo de realización: ruta gauge individualizada→registro y escalarización del par de operadores.
SM-H-1	sector escalar: H	Carga 0; color/representación sin color; paridad par; retorno 2π=+1; retorno 4π=+1; estadística simétrica; Bose–Einstein. sector físico escalar. Descriptor: descriptor sectorial para su unión con el dominio orientado. Ruta/registro: selector escalar interno→ruta enriquecida y escalarización del par de operadores.	descriptor sectorial tipado para su unión con el dominio orientado de rutas. Trazabilidad angular condicionada por la coindexación heredada (97,9): 125292.46604253613300043276647768 MeV/c²; no constituye una salida prospectiva HMT ni selecciona la ruta; join de ruta y espectro pendientes.	125.13±0.11 GeV/c²; residual de la evaluación condicionada=1290.82550992691709 ppm. Estatuto: sector físico tipado fuera del atlas de trece multisecciones; el join de ruta, el espectro y la escalarización permanecen pendientes. Morfismo de realización: selector escalar interno→ruta enriquecida y escalarización del par de operadores.
COMP-MESON	mesón: π0, π±, K0, K±, η, ρ, φ, J/ψ, Υ…	Carga dependiente del estado compuesto; color/representación singlete u otras representaciones; paridad compuesta; retorno 2π=según representación; retorno 4π=+1 tras doble retorno; estadística ocupación compuesta. registro compuesto mesón. Descriptor: registro de dos constituyentes y frontera de enlace. Ruta/registro: componentes y frontera→firma independiente del blanco metrológico; ligadura antes de la carta.	objeto compuesto en el registro anterior a la proyección escalar.	Codominio de salida: registro compuesto y ligadura. Estatuto: composición exacta de registros; la ligadura y la proyección al estado nombrado preceden a la carta escalar. Morfismo de realización: componentes y frontera→firma independiente del blanco metrológico; ligadura antes de la carta.
COMP-BARYON	barión: p, n y familias bariónicas	Carga dependiente del estado compuesto; color/representación singlete físico; paridad compuesta; retorno 2π=según representación; retorno 4π=+1 tras doble retorno; estadística ocupación compuesta. registro compuesto barión. Descriptor: registro de tres constituyentes, acarreo y frontera de enlace. Ruta/registro: componentes y frontera→firma independiente del blanco metrológico; ligadura antes de la carta.	objeto compuesto en el registro anterior a la proyección escalar.	Codominio de salida: registro compuesto y ligadura. Estatuto: composición exacta de registros; la ligadura y la proyección al estado nombrado preceden a la carta escalar. Morfismo de realización: componentes y frontera→firma independiente del blanco metrológico; ligadura antes de la carta.
TOPO-FIB	anyón no abeliano: 1, τ	Carga definida por el codominio topológico; color/representación codominio topológico propio; paridad carácter topológico definido por la representación de trenzado; retorno 2π=fase de trenzado; retorno 4π=F/R tras realización; estadística fusión Fibonacci. codominio de fusión y trenzado Fibonacci. Descriptor: sector Fibonacci: tau tensor tau = 1 + tau. Ruta/registro: realización mediante invariantes de fusión y trenzado en su codominio propio.	invariantes de fusión, dimensión cuántica y trenzado.	Codominio de salida: invariantes de fusión y trenzado. Estatuto: invariantes de fusión y trenzado en su codominio propio; estos observables gobiernan la realización topológica.
TOPO-ISING	sector de Ising--Majorana: 1, ψ, σ	Carga dependiente de la realización; color/representación sin color; paridad propia; retorno 2π=representación Ising; retorno 4π=representación Ising; estadística álgebra de modos. codominio de fusión y trenzado Ising–Majorana. Descriptor: sector Ising/Majorana tipado. Ruta/registro: realización mediante invariantes de fusión y trenzado en su codominio propio.	invariantes de fusión, dimensión cuántica y trenzado.	Codominio de salida: invariantes de fusión y trenzado. Estatuto: invariantes de fusión y trenzado en su codominio propio; estos observables gobiernan la realización topológica.
TOPO-Z6	anyones abelianos: bosón, fermión y cuatro sectores trenzados	Carga Z/6 definida por el trenzado; color/representación sin color; paridad dos sectores ±1 y cuatro torsionales; retorno 2π=fase Z/6; retorno 4π=cierre Z/6; estadística de trenzado. codominio de fusión y trenzado z6. Descriptor: seis sectores de trenzado Z/6. Ruta/registro: realización mediante invariantes de fusión y trenzado en su codominio propio.	invariantes de fusión, dimensión cuántica y trenzado.	Codominio de salida: invariantes de fusión y trenzado. Estatuto: invariantes de fusión y trenzado en su codominio propio; estos observables gobiernan la realización topológica.
VIRT-1	sección virtual: secciones virtuales	Carga dependiente del sector de prolongación; color/representación según sector; paridad según representación; retorno definido hasta el horizonte de prolongación; estadística heredada de la representación sectorial. sistema inverso y horizonte de obstrucción. Descriptor: horizonte de extensión y clase de obstrucción registrada. Ruta/registro: horizonte de prolongación→realización sectorial tipada por su obstrucción.	horizonte de obstrucción, registro y memoria de prolongación.	Codominio de salida: horizonte de prolongación y obstrucción. Estatuto: horizonte de prolongación y registro publicados; la virtualidad se tipa mediante la obstrucción de prolongación.
