p_pi,e,f_phi,q=(p+e+f)_mod3,c_carry,a=(p+e-f)_mod3,h_signed_carry,kappa_decomp_c,kappa_beta_decomp_h,decomp_c_ok,decomp_h_ok,c_mod3,h_mod3
0,0,0,0,0,0,0,0,0,True,True,0,0
0,0,1,1,0,2,-1,0,-1,True,True,0,2
0,0,2,2,0,1,-1,0,-1,True,True,0,2
0,1,0,1,0,1,0,0,0,True,True,0,0
0,1,1,2,0,0,0,0,0,True,True,0,0
0,1,2,0,1,2,-1,1,-1,True,True,1,2
0,2,0,2,0,2,0,0,0,True,True,0,0
0,2,1,0,1,1,0,1,0,True,True,1,0
0,2,2,1,1,0,0,1,0,True,True,1,0
1,0,0,1,0,1,0,0,0,True,True,0,0
1,0,1,2,0,0,0,0,0,True,True,0,0
1,0,2,0,1,2,-1,1,-1,True,True,1,2
1,1,0,2,0,2,0,0,0,True,True,0,0
1,1,1,0,1,1,0,1,0,True,True,1,0
1,1,2,1,1,0,0,1,0,True,True,1,0
1,2,0,0,1,0,1,1,1,True,True,1,1
1,2,1,1,1,2,0,1,0,True,True,1,0
1,2,2,2,1,1,0,1,0,True,True,1,0
2,0,0,2,0,2,0,0,0,True,True,0,0
2,0,1,0,1,1,0,1,0,True,True,1,0
2,0,2,1,1,0,0,1,0,True,True,1,0
2,1,0,0,1,0,1,1,1,True,True,1,1
2,1,1,1,1,2,0,1,0,True,True,1,0
2,1,2,2,1,1,0,1,0,True,True,1,0
2,2,0,1,1,1,1,1,1,True,True,1,1
2,2,1,2,1,0,1,1,1,True,True,1,1
2,2,2,0,2,2,0,2,0,True,True,2,0
