uid,U6,U6_mod3
0,109|252|252|501|614|498,200010
1,109|252|252|521|674|418,200112
2,109|252|252|581|694|438,200120
3,109|252|252|810|923|870,200010
4,109|252|252|830|943|830,200121
5,109|252|252|850|903|850,200202
6,114|227|227|556|669|443,011201
7,114|227|227|885|998|885,011010
8,129|292|292|501|614|498,022010
9,129|292|292|521|634|458,022121
10,129|292|292|581|654|478,022102
11,129|292|292|810|983|810,022010
12,129|292|292|830|943|830,022121
13,129|292|292|850|963|890,022201
14,149|212|252|501|614|498,110010
15,149|212|252|561|634|418,110022
16,149|212|252|581|654|478,110102
17,149|212|252|810|983|810,110010
18,149|212|252|830|943|830,110121
19,149|212|252|890|963|850,110102
20,149|252|212|501|614|498,101010
21,149|252|212|521|634|458,101121
22,149|252|212|541|694|478,101222
23,149|252|212|830|943|830,101121
24,149|252|212|850|963|890,101201
25,149|252|212|870|923|810,101010
26,169|272|272|501|614|498,211010
27,169|272|272|521|634|458,211121
28,169|272|272|521|674|418,211112
29,169|272|272|541|694|478,211222
30,169|272|272|561|634|418,211022
31,169|272|272|581|654|478,211102
32,169|272|272|581|694|438,211120
33,169|272|272|810|923|870,211010
34,169|272|272|810|983|810,211010
35,169|272|272|830|943|830,211121
36,169|272|272|850|903|850,211202
37,169|272|272|850|963|890,211201
38,169|272|272|870|923|810,211010
39,169|272|272|890|963|850,211102
40,189|232|292|501|614|498,022010
41,189|232|292|521|674|418,022112
42,189|232|292|541|694|478,022222
43,189|232|292|830|943|830,022121
44,189|232|292|850|903|850,022202
45,189|232|292|870|923|810,022010
46,189|292|232|501|614|498,022010
47,189|292|232|561|634|418,022022
48,189|292|232|581|694|438,022120
49,189|292|232|810|923|870,022010
50,189|292|232|830|943|830,022121
51,189|292|232|890|963|850,022102
52,212|149|252|614|498|501,110100
53,212|149|252|634|458|521,110211
54,212|149|252|694|478|541,110222
55,212|149|252|923|810|870,110100
56,212|149|252|943|830|830,110211
57,212|149|252|963|890|850,110012
58,212|252|149|418|561|634,101202
59,212|252|149|478|581|654,101210
60,212|252|149|498|501|614,101001
61,212|252|149|810|810|983,101001
62,212|252|149|830|830|943,101112
63,212|252|149|850|890|963,101210
64,227|114|227|669|443|556,101012
65,227|114|227|998|885|885,101100
66,227|227|114|443|556|669,110120
67,227|227|114|885|885|998,110001
68,232|189|292|614|498|501,202100
69,232|189|292|634|418|561,202220
70,232|189|292|694|438|581,202201
71,232|189|292|923|870|810,202100
72,232|189|292|943|830|830,202211
73,232|189|292|963|850|890,202021
74,232|292|189|418|521|674,220211
75,232|292|189|478|541|694,220222
76,232|292|189|498|501|614,220001
77,232|292|189|810|870|923,220001
78,232|292|189|830|830|943,220112
79,232|292|189|850|850|903,220220
80,252|109|252|614|498|501,020100
81,252|109|252|674|418|521,020121
82,252|109|252|694|438|581,020201
83,252|109|252|903|850|850,020022
84,252|109|252|923|870|810,020100
85,252|109|252|943|830|830,020211
86,252|149|212|614|498|501,011100
87,252|149|212|634|418|561,011220
88,252|149|212|654|478|581,011021
89,252|149|212|943|830|830,011211
90,252|149|212|963|850|890,011021
91,252|149|212|983|810|810,011100
92,252|212|149|458|521|634,011112
93,252|212|149|478|541|694,011222
94,252|212|149|498|501|614,011001
95,252|212|149|810|870|923,011001
96,252|212|149|830|830|943,011112
97,252|212|149|890|850|963,011120
98,252|252|109|418|521|674,002211
99,252|252|109|438|581|694,002012
100,252|252|109|498|501|614,002001
101,252|252|109|830|830|943,002112
102,252|252|109|850|850|903,002220
103,252|252|109|870|810|923,002001
104,272|169|272|614|498|501,121100
105,272|169|272|634|418|561,121220
106,272|169|272|634|458|521,121211
107,272|169|272|654|478|581,121021
108,272|169|272|674|418|521,121121
109,272|169|272|694|438|581,121201
110,272|169|272|694|478|541,121222
111,272|169|272|903|850|850,121022
112,272|169|272|923|810|870,121100
113,272|169|272|923|870|810,121100
114,272|169|272|943|830|830,121211
115,272|169|272|963|850|890,121021
116,272|169|272|963|890|850,121012
117,272|169|272|983|810|810,121100
118,272|272|169|418|521|674,112211
119,272|272|169|418|561|634,112202
120,272|272|169|438|581|694,112012
121,272|272|169|458|521|634,112112
122,272|272|169|478|541|694,112222
123,272|272|169|478|581|654,112210
124,272|272|169|498|501|614,112001
125,272|272|169|810|810|983,112001
126,272|272|169|810|870|923,112001
127,272|272|169|830|830|943,112112
128,272|272|169|850|850|903,112220
129,272|272|169|850|890|963,112210
130,272|272|169|870|810|923,112001
131,272|272|169|890|850|963,112120
132,292|129|292|614|498|501,202100
133,292|129|292|634|458|521,202211
134,292|129|292|654|478|581,202021
135,292|129|292|943|830|830,202211
136,292|129|292|963|890|850,202012
137,292|129|292|983|810|810,202100
138,292|189|232|614|498|501,202100
139,292|189|232|674|418|521,202121
140,292|189|232|694|478|541,202222
141,292|189|232|903|850|850,202022
142,292|189|232|923|810|870,202100
143,292|189|232|943|830|830,202211
144,292|232|189|418|561|634,220202
145,292|232|189|438|581|694,220012
146,292|232|189|498|501|614,220001
147,292|232|189|830|830|943,220112
148,292|232|189|850|890|963,220210
149,292|232|189|870|810|923,220001
150,292|292|129|458|521|634,220112
151,292|292|129|478|581|654,220210
152,292|292|129|498|501|614,220001
153,292|292|129|810|810|983,220001
154,292|292|129|830|830|943,220112
155,292|292|129|890|850|963,220120
156,418|521|674|232|292|189,211220
157,418|521|674|252|252|109,211002
158,418|521|674|272|272|169,211112
159,418|561|634|212|252|149,202101
160,418|561|634|272|272|169,202112
161,418|561|634|292|232|189,202220
162,418|634|561|810|923|870,220010
163,418|634|561|830|943|830,220121
164,418|634|561|890|963|850,220102
165,418|674|521|830|943|830,211121
166,418|674|521|850|903|850,211202
167,418|674|521|870|923|810,211010
168,438|581|694|252|252|109,012002
169,438|581|694|272|272|169,012112
170,438|581|694|292|232|189,012220
171,438|694|581|810|923|870,021010
172,438|694|581|830|943|830,021121
173,438|694|581|850|903|850,021202
174,443|556|669|227|227|114,120110
175,443|669|556|885|998|885,102010
176,458|521|634|252|212|149,112011
177,458|521|634|272|272|169,112112
178,458|521|634|292|292|129,112220
179,458|634|521|810|983|810,121010
180,458|634|521|830|943|830,121121
181,458|634|521|850|963|890,121201
182,478|541|694|232|292|189,222220
183,478|541|694|252|212|149,222011
184,478|541|694|272|272|169,222112
185,478|581|654|212|252|149,210101
186,478|581|654|272|272|169,210112
187,478|581|654|292|292|129,210220
188,478|654|581|810|983|810,201010
189,478|654|581|830|943|830,201121
190,478|654|581|890|963|850,201102
191,478|694|541|830|943|830,222121
192,478|694|541|850|963|890,222201
193,478|694|541|870|923|810,222010
194,498|501|614|212|252|149,001101
195,498|501|614|232|292|189,001220
196,498|501|614|252|212|149,001011
197,498|501|614|252|252|109,001002
198,498|501|614|272|272|169,001112
199,498|501|614|292|232|189,001220
200,498|501|614|292|292|129,001220
201,498|614|501|810|923|870,010010
202,498|614|501|810|983|810,010010
203,498|614|501|830|943|830,010121
204,498|614|501|850|903|850,010202
205,498|614|501|850|963|890,010201
206,498|614|501|870|923|810,010010
207,498|614|501|890|963|850,010102
208,501|498|614|903|850|850,001022
209,501|498|614|923|810|870,001100
210,501|498|614|923|870|810,001100
211,501|498|614|943|830|830,001211
212,501|498|614|963|850|890,001021
213,501|498|614|963|890|850,001012
214,501|498|614|983|810|810,001100
215,501|614|498|109|252|252,010200
216,501|614|498|129|292|292,010022
217,501|614|498|149|212|252,010110
218,501|614|498|149|252|212,010101
219,501|614|498|169|272|272,010211
220,501|614|498|189|232|292,010022
221,501|614|498|189|292|232,010022
222,521|418|674|903|850|850,121022
223,521|418|674|923|810|870,121100
224,521|418|674|943|830|830,121211
225,521|458|634|943|830|830,112211
226,521|458|634|963|890|850,112012
227,521|458|634|983|810|810,112100
228,521|634|458|129|292|292,121022
229,521|634|458|149|252|212,121101
230,521|634|458|169|272|272,121211
231,521|674|418|109|252|252,112200
232,521|674|418|169|272|272,112211
233,521|674|418|189|232|292,112022
234,541|478|694|923|810|870,222100
235,541|478|694|943|830|830,222211
236,541|478|694|963|890|850,222012
237,541|694|478|149|252|212,222101
238,541|694|478|169|272|272,222211
239,541|694|478|189|232|292,222022
240,556|443|669|998|885|885,210100
241,556|669|443|114|227|227,201011
242,561|418|634|923|870|810,022100
243,561|418|634|943|830|830,022211
244,561|418|634|963|850|890,022021
245,561|634|418|149|212|252,022110
246,561|634|418|169|272|272,022211
247,561|634|418|189|292|232,022022
248,581|438|694|903|850|850,102022
249,581|438|694|923|870|810,102100
250,581|438|694|943|830|830,102211
251,581|478|654|943|830|830,120211
252,581|478|654|963|850|890,120021
253,581|478|654|983|810|810,120100
254,581|654|478|129|292|292,102022
255,581|654|478|149|212|252,102110
256,581|654|478|169|272|272,102211
257,581|694|438|109|252|252,120200
258,581|694|438|169|272|272,120211
259,581|694|438|189|292|232,120022
260,614|498|501|212|149|252,100110
261,614|498|501|232|189|292,100202
262,614|498|501|252|109|252,100020
263,614|498|501|252|149|212,100011
264,614|498|501|272|169|272,100121
265,614|498|501|292|129|292,100202
266,614|498|501|292|189|232,100202
267,614|501|498|810|810|983,100001
268,614|501|498|810|870|923,100001
269,614|501|498|830|830|943,100112
270,614|501|498|850|850|903,100220
271,614|501|498|850|890|963,100210
272,614|501|498|870|810|923,100001
273,614|501|498|890|850|963,100120
274,634|418|561|232|189|292,220202
275,634|418|561|252|149|212,220011
276,634|418|561|272|169|272,220121
277,634|458|521|212|149|252,211110
278,634|458|521|272|169|272,211121
279,634|458|521|292|129|292,211202
280,634|521|458|810|810|983,211001
281,634|521|458|830|830|943,211112
282,634|521|458|890|850|963,211120
283,634|561|418|830|830|943,202112
284,634|561|418|850|890|963,202210
285,634|561|418|870|810|923,202001
286,654|478|581|252|149|212,021011
287,654|478|581|272|169|272,021121
288,654|478|581|292|129|292,021202
289,654|581|478|810|810|983,012001
290,654|581|478|830|830|943,012112
291,654|581|478|850|890|963,012210
292,669|443|556|227|114|227,012101
293,669|556|443|885|885|998,021001
294,674|418|521|252|109|252,121020
295,674|418|521|272|169|272,121121
296,674|418|521|292|189|232,121202
297,674|521|418|810|870|923,112001
298,674|521|418|830|830|943,112112
299,674|521|418|850|850|903,112220
300,694|438|581|232|189|292,201202
301,694|438|581|252|109|252,201020
302,694|438|581|272|169|272,201121
303,694|478|541|212|149|252,222110
304,694|478|541|272|169|272,222121
305,694|478|541|292|189|232,222202
306,694|541|478|810|870|923,222001
307,694|541|478|830|830|943,222112
308,694|541|478|890|850|963,222120
309,694|581|438|830|830|943,210112
310,694|581|438|850|850|903,210220
311,694|581|438|870|810|923,210001
312,810|810|983|212|252|149,001101
313,810|810|983|272|272|169,001112
314,810|810|983|292|292|129,001220
315,810|810|983|614|501|498,001100
316,810|810|983|634|521|458,001211
317,810|810|983|654|581|478,001012
318,810|870|923|232|292|189,001220
319,810|870|923|252|212|149,001011
320,810|870|923|272|272|169,001112
321,810|870|923|614|501|498,001100
322,810|870|923|674|521|418,001112
323,810|870|923|694|541|478,001222
324,810|923|870|109|252|252,010200
325,810|923|870|169|272|272,010211
326,810|923|870|189|292|232,010022
327,810|923|870|418|634|561,010220
328,810|923|870|438|694|581,010021
329,810|923|870|498|614|501,010010
330,810|983|810|129|292|292,010022
331,810|983|810|149|212|252,010110
332,810|983|810|169|272|272,010211
333,810|983|810|458|634|521,010121
334,810|983|810|478|654|581,010201
335,810|983|810|498|614|501,010010
336,830|830|943|212|252|149,112101
337,830|830|943|232|292|189,112220
338,830|830|943|252|212|149,112011
339,830|830|943|252|252|109,112002
340,830|830|943|272|272|169,112112
341,830|830|943|292|232|189,112220
342,830|830|943|292|292|129,112220
343,830|830|943|614|501|498,112100
344,830|830|943|634|521|458,112211
345,830|830|943|634|561|418,112202
346,830|830|943|654|581|478,112012
347,830|830|943|674|521|418,112112
348,830|830|943|694|541|478,112222
349,830|830|943|694|581|438,112210
350,830|943|830|109|252|252,121200
351,830|943|830|129|292|292,121022
352,830|943|830|149|212|252,121110
353,830|943|830|149|252|212,121101
354,830|943|830|169|272|272,121211
355,830|943|830|189|232|292,121022
356,830|943|830|189|292|232,121022
357,830|943|830|418|634|561,121220
358,830|943|830|418|674|521,121211
359,830|943|830|438|694|581,121021
360,830|943|830|458|634|521,121121
361,830|943|830|478|654|581,121201
362,830|943|830|478|694|541,121222
363,830|943|830|498|614|501,121010
364,850|850|903|232|292|189,220220
365,850|850|903|252|252|109,220002
366,850|850|903|272|272|169,220112
367,850|850|903|614|501|498,220100
368,850|850|903|674|521|418,220112
369,850|850|903|694|581|438,220210
370,850|890|963|212|252|149,210101
371,850|890|963|272|272|169,210112
372,850|890|963|292|232|189,210220
373,850|890|963|614|501|498,210100
374,850|890|963|634|561|418,210202
375,850|890|963|654|581|478,210012
376,850|903|850|109|252|252,202200
377,850|903|850|169|272|272,202211
378,850|903|850|189|232|292,202022
379,850|903|850|418|674|521,202211
380,850|903|850|438|694|581,202021
381,850|903|850|498|614|501,202010
382,850|963|890|129|292|292,201022
383,850|963|890|149|252|212,201101
384,850|963|890|169|272|272,201211
385,850|963|890|458|634|521,201121
386,850|963|890|478|694|541,201222
387,850|963|890|498|614|501,201010
388,870|810|923|252|252|109,001002
389,870|810|923|272|272|169,001112
390,870|810|923|292|232|189,001220
391,870|810|923|614|501|498,001100
392,870|810|923|634|561|418,001202
393,870|810|923|694|581|438,001210
394,870|923|810|149|252|212,010101
395,870|923|810|169|272|272,010211
396,870|923|810|189|232|292,010022
397,870|923|810|418|674|521,010211
398,870|923|810|478|694|541,010222
399,870|923|810|498|614|501,010010
400,885|885|998|227|227|114,001110
401,885|885|998|669|556|443,001021
402,885|998|885|114|227|227,010011
403,885|998|885|443|669|556,010102
404,890|850|963|252|212|149,120011
405,890|850|963|272|272|169,120112
406,890|850|963|292|292|129,120220
407,890|850|963|614|501|498,120100
408,890|850|963|634|521|458,120211
409,890|850|963|694|541|478,120222
410,890|963|850|149|212|252,102110
411,890|963|850|169|272|272,102211
412,890|963|850|189|292|232,102022
413,890|963|850|418|634|561,102220
414,890|963|850|478|654|581,102201
415,890|963|850|498|614|501,102010
416,903|850|850|252|109|252,022020
417,903|850|850|272|169|272,022121
418,903|850|850|292|189|232,022202
419,903|850|850|501|498|614,022001
420,903|850|850|521|418|674,022121
421,903|850|850|581|438|694,022102
422,923|810|870|212|149|252,100110
423,923|810|870|272|169|272,100121
424,923|810|870|292|189|232,100202
425,923|810|870|501|498|614,100001
426,923|810|870|521|418|674,100121
427,923|810|870|541|478|694,100222
428,923|870|810|232|189|292,100202
429,923|870|810|252|109|252,100020
430,923|870|810|272|169|272,100121
431,923|870|810|501|498|614,100001
432,923|870|810|561|418|634,100022
433,923|870|810|581|438|694,100102
434,943|830|830|212|149|252,211110
435,943|830|830|232|189|292,211202
436,943|830|830|252|109|252,211020
437,943|830|830|252|149|212,211011
438,943|830|830|272|169|272,211121
439,943|830|830|292|129|292,211202
440,943|830|830|292|189|232,211202
441,943|830|830|501|498|614,211001
442,943|830|830|521|418|674,211121
443,943|830|830|521|458|634,211112
444,943|830|830|541|478|694,211222
445,943|830|830|561|418|634,211022
446,943|830|830|581|438|694,211102
447,943|830|830|581|478|654,211120
448,963|850|890|232|189|292,021202
449,963|850|890|252|149|212,021011
450,963|850|890|272|169|272,021121
451,963|850|890|501|498|614,021001
452,963|850|890|561|418|634,021022
453,963|850|890|581|478|654,021120
454,963|890|850|212|149|252,012110
455,963|890|850|272|169|272,012121
456,963|890|850|292|129|292,012202
457,963|890|850|501|498|614,012001
458,963|890|850|521|458|634,012112
459,963|890|850|541|478|694,012222
460,983|810|810|252|149|212,100011
461,983|810|810|272|169|272,100121
462,983|810|810|292|129|292,100202
463,983|810|810|501|498|614,100001
464,983|810|810|521|458|634,100112
465,983|810|810|581|478|654,100120
466,998|885|885|227|114|227,100101
467,998|885|885|556|443|669,100210
